HIERARCHY
ROOT pelvis
{
	OFFSET -20.459700 -3.402440 102.818000
	CHANNELS 6 Xposition Yposition Zposition Zrotation Yrotation Xrotation 
	JOINT spine_01
	{
		OFFSET 2.595450 0.208490 0.000000
		CHANNELS 3 Zrotation Yrotation Xrotation
		JOINT spine_02
		{
			OFFSET 4.877290 -0.954006 0.022121
			CHANNELS 3 Zrotation Yrotation Xrotation
			JOINT spine_03
			{
				OFFSET 6.297470 0.000308 -0.000423
				CHANNELS 3 Zrotation Yrotation Xrotation
				JOINT spine_04
				{
					OFFSET 6.663410 -0.000045 0.000068
					CHANNELS 3 Zrotation Yrotation Xrotation
					JOINT spine_05
					{
						OFFSET 13.137500 0.000042 0.000127
						CHANNELS 3 Zrotation Yrotation Xrotation
						JOINT neck_01
						{
							OFFSET 13.870200 -0.000043 0.000048
							CHANNELS 3 Zrotation Yrotation Xrotation
							JOINT neck_02
							{
								OFFSET 4.295250 0.000000 0.000045
								CHANNELS 3 Zrotation Yrotation Xrotation
								JOINT head
								{
									OFFSET 4.491710 0.000740 0.001639
									CHANNELS 3 Zrotation Yrotation Xrotation
									End Site
									{
										OFFSET 0.000000 0.000000 0.000000
									}
								}
							}
						}
						JOINT clavicle_l
						{
							OFFSET 8.029550 0.614939 -0.570049
							CHANNELS 3 Zrotation Yrotation Xrotation
							JOINT upperarm_l
							{
								OFFSET 10.136200 0.000000 0.000032
								CHANNELS 3 Zrotation Yrotation Xrotation
								JOINT lowerarm_l
								{
									OFFSET 28.731500 0.000017 0.000177
									CHANNELS 3 Zrotation Yrotation Xrotation
									JOINT hand_l
									{
										OFFSET 24.762400 0.000000 0.000000
										CHANNELS 3 Zrotation Yrotation Xrotation
										JOINT thumb_01_l
										{
											OFFSET 1.645750 1.668330 -1.524320
											CHANNELS 3 Zrotation Yrotation Xrotation
											JOINT thumb_02_l
											{
												OFFSET 4.551640 0.000000 0.000000
												CHANNELS 3 Zrotation Yrotation Xrotation
												JOINT thumb_03_l
												{
													OFFSET 2.644270 0.000000 0.000000
													CHANNELS 3 Zrotation Yrotation Xrotation
													End Site
													{
														OFFSET 0.000000 0.000000 0.000000
													}
												}
											}
										}
										JOINT index_metacarpal_l
										{
											OFFSET 3.005770 0.596985 -1.772920
											CHANNELS 3 Zrotation Yrotation Xrotation
											JOINT index_01_l
											{
												OFFSET 4.688790 0.000000 0.000000
												CHANNELS 3 Zrotation Yrotation Xrotation
												JOINT index_02_l
												{
													OFFSET 4.383510 0.000000 0.000000
													CHANNELS 3 Zrotation Yrotation Xrotation
													JOINT index_03_l
													{
														OFFSET 1.965240 0.000000 0.000000
														CHANNELS 3 Zrotation Yrotation Xrotation
														End Site
														{
															OFFSET 0.000000 0.000000 0.000000
														}
													}
												}
											}
										}
										JOINT middle_metacarpal_l
										{
											OFFSET 2.804600 0.096878 -0.451881
											CHANNELS 3 Zrotation Yrotation Xrotation
											JOINT middle_01_l
											{
												OFFSET 5.012010 0.000000 0.000000
												CHANNELS 3 Zrotation Yrotation Xrotation
												JOINT middle_02_l
												{
													OFFSET 4.395510 0.000000 0.000000
													CHANNELS 3 Zrotation Yrotation Xrotation
													JOINT middle_03_l
													{
														OFFSET 2.842500 0.000000 0.000000
														CHANNELS 3 Zrotation Yrotation Xrotation
														End Site
														{
															OFFSET 0.000000 0.000000 0.000000
														}
													}
												}
											}
										}
										JOINT ring_metacarpal_l
										{
											OFFSET 2.852190 -0.096878 0.451885
											CHANNELS 3 Zrotation Yrotation Xrotation
											JOINT ring_01_l
											{
												OFFSET 4.533700 0.000000 0.000000
												CHANNELS 3 Zrotation Yrotation Xrotation
												JOINT ring_02_l
												{
													OFFSET 3.768560 0.000000 0.000000
													CHANNELS 3 Zrotation Yrotation Xrotation
													JOINT ring_03_l
													{
														OFFSET 3.036250 0.000000 0.000000
														CHANNELS 3 Zrotation Yrotation Xrotation
														End Site
														{
															OFFSET 0.000000 0.000000 0.000000
														}
													}
												}
											}
										}
										JOINT pinky_metacarpal_l
										{
											OFFSET 2.818930 -0.276169 1.463940
											CHANNELS 3 Zrotation Yrotation Xrotation
											JOINT pinky_01_l
											{
												OFFSET 4.238140 0.000000 0.000000
												CHANNELS 3 Zrotation Yrotation Xrotation
												JOINT pinky_02_l
												{
													OFFSET 2.504320 0.000000 0.000000
													CHANNELS 3 Zrotation Yrotation Xrotation
													JOINT pinky_03_l
													{
														OFFSET 1.820020 0.000000 0.000000
														CHANNELS 3 Zrotation Yrotation Xrotation
														End Site
														{
															OFFSET 0.000000 0.000000 0.000000
														}
													}
												}
											}
										}
									}
								}
							}
						}
						JOINT clavicle_r
						{
							OFFSET 8.029690 0.615852 0.570123
							CHANNELS 3 Zrotation Yrotation Xrotation
							JOINT upperarm_r
							{
								OFFSET -10.135000 -0.002579 -0.000361
								CHANNELS 3 Zrotation Yrotation Xrotation
								JOINT lowerarm_r
								{
									OFFSET -28.732900 0.001365 0.005621
									CHANNELS 3 Zrotation Yrotation Xrotation
									JOINT hand_r
									{
										OFFSET -24.764600 -0.001016 0.000179
										CHANNELS 3 Zrotation Yrotation Xrotation
										JOINT thumb_01_r
										{
											OFFSET -1.923320 -1.572070 1.284710
											CHANNELS 3 Zrotation Yrotation Xrotation
											JOINT thumb_02_r
											{
												OFFSET -4.550090 0.000000 0.000000
												CHANNELS 3 Zrotation Yrotation Xrotation
												JOINT thumb_03_r
												{
													OFFSET -2.644480 0.000000 0.000000
													CHANNELS 3 Zrotation Yrotation Xrotation
													End Site
													{
														OFFSET 0.000000 0.000000 0.000000
													}
												}
											}
										}
										JOINT index_metacarpal_r
										{
											OFFSET -3.268700 -0.454758 1.283810
											CHANNELS 3 Zrotation Yrotation Xrotation
											JOINT index_01_r
											{
												OFFSET -4.687710 0.000000 0.000000
												CHANNELS 3 Zrotation Yrotation Xrotation
												JOINT index_02_r
												{
													OFFSET -4.381770 0.000000 0.000000
													CHANNELS 3 Zrotation Yrotation Xrotation
													JOINT index_03_r
													{
														OFFSET -1.966530 0.000000 0.000000
														CHANNELS 3 Zrotation Yrotation Xrotation
														End Site
														{
															OFFSET 0.000000 0.000000 0.000000
														}
													}
												}
											}
										}
										JOINT middle_metacarpal_r
										{
											OFFSET -2.840320 0.000000 0.000000
											CHANNELS 3 Zrotation Yrotation Xrotation
											JOINT middle_01_r
											{
												OFFSET -5.011120 0.000000 0.000000
												CHANNELS 3 Zrotation Yrotation Xrotation
												JOINT middle_02_r
												{
													OFFSET -4.393970 0.000000 0.000000
													CHANNELS 3 Zrotation Yrotation Xrotation
													JOINT middle_03_r
													{
														OFFSET -2.845580 0.000000 0.000000
														CHANNELS 3 Zrotation Yrotation Xrotation
														End Site
														{
															OFFSET 0.000000 0.000000 0.000000
														}
													}
												}
											}
										}
										JOINT ring_metacarpal_r
										{
											OFFSET -2.735520 0.168312 -0.904747
											CHANNELS 3 Zrotation Yrotation Xrotation
											JOINT ring_01_r
											{
												OFFSET -4.532910 0.000000 0.000000
												CHANNELS 3 Zrotation Yrotation Xrotation
												JOINT ring_02_r
												{
													OFFSET -3.768440 0.000000 0.000000
													CHANNELS 3 Zrotation Yrotation Xrotation
													JOINT ring_03_r
													{
														OFFSET -3.036350 0.000000 0.000000
														CHANNELS 3 Zrotation Yrotation Xrotation
														End Site
														{
															OFFSET 0.000000 0.000000 0.000000
														}
													}
												}
											}
										}
										JOINT pinky_metacarpal_r
										{
											OFFSET -2.535800 0.313965 -1.904450
											CHANNELS 3 Zrotation Yrotation Xrotation
											JOINT pinky_01_r
											{
												OFFSET -4.232780 0.000000 0.000000
												CHANNELS 3 Zrotation Yrotation Xrotation
												JOINT pinky_02_r
												{
													OFFSET -2.504480 0.000000 0.000000
													CHANNELS 3 Zrotation Yrotation Xrotation
													JOINT pinky_03_r
													{
														OFFSET -1.821450 0.000000 0.000000
														CHANNELS 3 Zrotation Yrotation Xrotation
														End Site
														{
															OFFSET 0.000000 0.000000 0.000000
														}
													}
												}
											}
										}
									}
								}
							}
						}
					}
				}
			}
		}
	}
	JOINT thigh_l
	{
		OFFSET -2.313150 -0.051123 -9.310610
		CHANNELS 3 Zrotation Yrotation Xrotation
		JOINT calf_l
		{
			OFFSET -46.661800 -0.000912 -0.000026
			CHANNELS 3 Zrotation Yrotation Xrotation
			JOINT foot_l
			{
				OFFSET -44.414400 0.000097 0.000114
				CHANNELS 3 Zrotation Yrotation Xrotation
				JOINT ball_l
				{
					OFFSET -6.514580 -12.708700 -0.433235
					CHANNELS 3 Zrotation Yrotation Xrotation
					End Site
					{
						OFFSET 0.000000 0.000000 0.000000
					}
				}
			}
		}
	}
	JOINT thigh_r
	{
		OFFSET -2.313340 -0.050603 9.310440
		CHANNELS 3 Zrotation Yrotation Xrotation
		JOINT calf_r
		{
			OFFSET 46.659400 0.000796 0.000019
			CHANNELS 3 Zrotation Yrotation Xrotation
			JOINT foot_r
			{
				OFFSET 44.424700 0.000030 0.000094
				CHANNELS 3 Zrotation Yrotation Xrotation
				JOINT ball_r
				{
					OFFSET 6.504510 12.709200 0.435689
					CHANNELS 3 Zrotation Yrotation Xrotation
					End Site
					{
						OFFSET 0.000000 0.000000 0.000000
					}
				}
			}
		}
	}
}
MOTION
Frames: 120
Frame Time: 0.050000
0.001003 102.000008 0.016819 91.840851 4.725311 -75.280411 -11.610397 -0.811295 -0.875275 6.011200 -1.397797 -1.935150 8.192703 -1.058731 -2.139328 7.214127 -0.730026 -2.272705 -2.850388 -0.790558 -2.252350 -22.599823 2.036484 1.999817 1.459152 2.004684 2.031738 11.388062 19.934708 5.743195 123.843506 81.337585 141.210968 -47.791519 66.088028 -8.949249 -8.230423 -1.651047 -12.839874 34.420807 -25.309250 -140.306244 15.450546 36.178802 80.995270 58.057236 -16.234268 1.998688 14.584396 -1.952103 0.474609 0.000000 6.000000 8.000000 24.745560 -2.572968 -4.158554 49.595139 -3.758041 -9.097198 20.774963 -2.902298 -5.325256 -5.000000 -1.000015 0.800003 99.961060 -17.479660 -21.376236 126.378723 -0.789017 -35.415359 74.308868 -5.433670 -24.822601 0.000000 -12.000000 -2.000000 76.399933 -13.857452 -8.471481 118.368317 -7.435410 -24.993332 62.890152 -8.807266 -12.194626 12.000000 -20.000000 -10.000000 76.955353 -15.019409 -5.545700 97.929749 -16.140106 -11.986237 50.000290 -11.605469 -3.110687 -18.945999 81.060638 175.771820 -83.499191 44.165573 -11.056931 -94.059052 20.610458 -0.195587 12.711655 0.411987 -121.157730 31.922745 28.051743 79.806183 24.337189 -2.592499 1.039078 9.999985 0.000000 0.000000 0.000000 6.000000 8.000015 52.308243 -12.823807 -11.003448 45.749207 -8.374344 -12.131256 18.131760 -4.936172 -6.141449 -5.000000 -1.000015 0.800034 30.199570 -2.721954 -0.889725 39.804337 -7.241989 -6.904800 16.745499 -5.193680 -4.849167 0.000000 -12.000000 -2.000000 42.397781 -7.508682 -0.079834 62.763306 -14.945786 -15.152054 23.526550 -7.642792 -6.063049 12.000000 -20.000000 -10.000000 18.225845 -11.720688 -2.987671 32.256332 -9.596786 -2.565353 4.078735 -1.530670 -0.668808 -6.976242 2.753281 -4.179260 -2.227005 0.004150 -0.170807 -3.275177 0.051559 4.917358 -89.999996 0.000000 0.000000 171.657990 2.174820 4.076538 -4.167236 0.005447 -0.023239 1.349228 1.111115 14.934555 -89.999996 0.000000 0.000000 
0.000994 102.000000 0.016911 91.840027 4.728073 -75.330452 -11.609818 -0.810822 -0.877319 6.012390 -1.396347 -1.939102 8.193848 -1.056656 -2.142990 7.215256 -0.727432 -2.276016 -2.849243 -0.788055 -2.255737 -22.601410 2.039764 2.004913 1.457550 2.007874 2.036880 11.402557 19.946243 5.758331 123.882935 81.318176 141.257782 -47.747864 66.081375 -8.952148 -8.230377 -1.650696 -12.871765 34.448471 -25.334351 -140.329483 15.370255 36.219711 80.978638 58.040085 -16.227158 2.000336 14.539047 -1.932648 0.470505 0.000000 6.000000 8.000000 24.721191 -2.546875 -4.146164 49.527542 -3.748535 -9.072861 20.731628 -2.894775 -5.308487 -5.000000 -1.000015 0.800003 99.960541 -17.479034 -21.382141 126.378723 -0.789017 -35.415359 74.308868 -5.433670 -24.822601 0.000000 -12.000000 -2.000000 76.397095 -13.856934 -8.470352 118.365509 -7.435989 -24.992645 62.888931 -8.807251 -12.194321 12.000000 -20.000000 -10.000000 76.963226 -15.020584 -5.549103 97.933350 -16.140167 -11.987061 50.003479 -11.606049 -3.111130 -18.955215 81.051697 175.768921 -83.510483 44.166473 -11.038818 -94.038902 20.616821 -0.185776 12.705368 0.347244 -121.175690 32.018051 27.986511 79.876648 24.214767 -2.519089 1.010300 9.999985 0.000000 0.000000 0.000000 6.000000 8.000015 52.480103 -12.861969 -11.041870 45.781479 -8.383530 -12.148376 18.152939 -4.943649 -6.152740 -5.000000 -1.000015 0.800034 30.272186 -2.756592 -0.899063 39.911423 -7.281296 -6.957993 16.815506 -5.219238 -4.884506 0.000000 -12.000000 -2.000000 42.861679 -7.789993 -0.304810 63.618423 -14.991440 -15.618088 24.126190 -7.770248 -6.313583 12.000000 -20.000000 -10.000000 18.957840 -11.790100 -2.969193 33.046936 -9.848679 -2.829178 4.652908 -1.745255 -0.766327 -6.983658 2.757309 -4.173767 -2.230804 0.004242 -0.170288 -3.262314 0.061905 4.960663 -89.999996 0.000000 0.000000 171.658905 2.168945 4.064438 -4.175995 0.005371 -0.023056 1.351990 1.108582 14.896881 -89.999996 0.000000 0.000000 
0.000979 102.000000 0.017083 91.837311 4.736145 -75.479988 -11.608032 -0.809387 -0.883240 6.015945 -1.392014 -1.950516 8.197327 -1.050491 -2.153534 7.218643 -0.719772 -2.285522 -2.845840 -0.780655 -2.265442 -22.605927 2.049469 2.019714 1.453033 2.017334 2.051834 11.445969 19.978897 5.802582 124.004364 81.260864 141.400482 -47.618500 66.061691 -8.958969 -8.229767 -1.651749 -12.963852 34.531067 -25.407806 -140.399780 15.139267 36.337189 80.930206 57.984207 -16.203903 2.005768 14.407578 -1.876205 0.458618 0.000000 6.000000 8.000000 24.648788 -2.469604 -4.109528 49.326065 -3.720139 -9.000290 20.602585 -2.872345 -5.258530 -5.000000 -1.000015 0.800003 99.958954 -17.477234 -21.399399 126.378723 -0.789017 -35.415359 74.308868 -5.433670 -24.822601 0.000000 -12.000000 -2.000000 76.389709 -13.855591 -8.467361 118.358337 -7.437485 -24.990875 62.886032 -8.807251 -12.193573 12.000000 -20.000000 -10.000000 76.986908 -15.024139 -5.559341 97.945343 -16.140366 -11.989746 50.013626 -11.607910 -3.112534 -18.987228 81.026306 175.755157 -83.543427 44.170715 -10.987305 -93.979111 20.636230 -0.157669 12.686218 0.157318 -121.226532 32.314697 27.783386 80.094238 23.860138 -2.306473 0.926865 9.999985 0.000000 0.000000 0.000000 6.000000 8.000015 52.934692 -12.963196 -11.143631 45.902893 -8.417694 -12.212753 18.231506 -4.971283 -6.194626 -5.000000 -1.000015 0.800034 30.466324 -2.846512 -0.922333 40.194931 -7.386093 -7.098190 17.000732 -5.287231 -4.977722 0.000000 -12.000000 -2.000000 44.263275 -8.623978 -0.988510 66.184311 -15.096268 -17.002411 25.929962 -8.140778 -7.067093 12.000000 -20.000000 -10.000000 21.168335 -12.024216 -2.937958 35.486008 -10.593887 -3.652832 6.409195 -2.394394 -1.073349 -7.005630 2.769028 -4.157394 -2.241791 0.004532 -0.168777 -3.224152 0.092529 5.090118 -89.999996 0.000000 0.000000 171.661682 2.151749 4.028244 -4.201477 0.005173 -0.022522 1.359680 1.100922 14.784439 -89.999996 0.000000 0.000000 
0.000951 101.999985 0.017402 91.832153 4.748596 -75.716003 -11.605240 -0.807068 -0.892136 6.021545 -1.385208 -1.967621 8.202805 -1.040955 -2.169281 7.223999 -0.708008 -2.299683 -2.840454 -0.769272 -2.279907 -22.613007 2.064514 2.042526 1.445923 2.032028 2.074875 11.520737 20.028259 5.871994 124.190643 81.171051 141.619354 -47.423996 66.031021 -8.970139 -8.228424 -1.658478 -13.099106 34.659744 -25.525726 -140.512161 14.797195 36.510620 80.857483 57.873688 -16.158035 2.016083 14.208923 -1.790939 0.440582 0.000000 6.000000 8.000000 24.532791 -2.346649 -4.051559 49.002823 -3.674133 -8.884003 20.395523 -2.836166 -5.178467 -5.000000 -1.000015 0.800003 99.956451 -17.474396 -21.426636 126.378723 -0.789017 -35.415359 74.308868 -5.433670 -24.822601 0.000000 -12.000000 -2.000000 76.380219 -13.853882 -8.463547 118.350189 -7.439178 -24.988876 62.883545 -8.807251 -12.192932 12.000000 -20.000000 -10.000000 77.029480 -15.030457 -5.577774 97.972229 -16.140823 -11.995819 50.034943 -11.611832 -3.115494 -19.043274 80.989197 175.726685 -83.594109 44.180206 -10.911911 -93.886116 20.667465 -0.114639 12.656937 -0.130737 -121.299744 32.801010 27.447601 80.452606 23.330658 -1.989105 0.802048 9.999985 0.000000 0.000000 0.000000 6.000000 8.000015 53.513168 -13.092682 -11.273666 46.192169 -8.492493 -12.369949 18.416382 -5.033478 -6.294724 -5.000000 -1.000015 0.800034 30.734344 -2.967239 -0.952194 40.583359 -7.530518 -7.289459 17.254303 -5.380737 -5.105042 0.000000 -12.000000 -2.000000 46.530579 -9.921768 -2.110092 70.266190 -15.175476 -19.181198 28.809418 -8.695709 -8.275467 12.000000 -20.000000 -10.000000 24.745987 -12.457031 -2.980988 39.526001 -11.744858 -5.043777 9.279404 -3.435547 -1.598907 -7.039795 2.786926 -4.131485 -2.257950 0.004959 -0.166428 -3.164688 0.140427 5.294342 -89.999996 0.000000 0.000000 171.666382 2.125290 3.971573 -4.240021 0.004868 -0.021729 1.370667 1.088989 14.606506 -89.999996 0.000000 0.000000 
0.000911 101.999969 0.017807 91.824036 4.764267 -76.022102 -11.601593 -0.804092 -0.903015 6.028824 -1.376572 -1.988525 8.209915 -1.028992 -2.188461 7.230988 -0.693329 -2.316879 -2.833466 -0.755051 -2.297485 -22.622192 2.083496 2.071518 1.436722 2.050537 2.104156 11.629776 20.090317 5.962234 124.415009 81.054626 141.885162 -47.190277 65.991943 -8.986649 -8.226166 -1.676254 -13.257507 34.822922 -25.681549 -140.660278 14.392288 36.714844 80.769379 57.693680 -16.083450 2.032303 13.967316 -1.687256 0.418564 0.000000 6.000000 8.000000 24.379303 -2.185684 -3.976166 48.575104 -3.612473 -8.730316 20.121429 -2.787933 -5.072586 -5.000000 -1.000015 0.800003 99.953247 -17.470718 -21.461929 126.378723 -0.789017 -35.415359 74.308868 -5.433670 -24.822601 0.000000 -12.000000 -2.000000 76.370758 -13.852188 -8.459732 118.343781 -7.440536 -24.987289 62.882950 -8.807251 -12.192764 12.000000 -20.000000 -10.000000 77.092743 -15.039780 -5.605194 98.019653 -16.141647 -12.006622 50.071106 -11.618484 -3.120560 -19.122192 80.946167 175.681000 -83.657387 44.197144 -10.824142 -93.768387 20.709946 -0.060471 12.620651 -0.483994 -121.382217 33.470032 26.980865 80.948273 22.695877 -1.608780 0.651871 9.999985 0.000000 0.000000 0.000000 6.000000 8.000015 54.004532 -13.203522 -11.384949 46.746460 -8.627731 -12.675095 18.767899 -5.148285 -6.486786 -5.000000 -1.000015 0.800034 31.009430 -3.082504 -0.977371 40.974152 -7.677734 -7.480087 17.509109 -5.475616 -5.232254 0.000000 -12.000000 -2.000000 49.587219 -11.575302 -3.649902 75.630615 -15.121277 -21.992325 32.616089 -9.361862 -9.879623 12.000000 -20.000000 -10.000000 29.564346 -13.125153 -3.205841 45.112640 -13.177628 -7.000488 13.194107 -4.815201 -2.355728 -7.083191 2.809189 -4.097870 -2.276932 0.005508 -0.163467 -3.088715 0.202011 5.559189 -89.999996 0.000000 0.000000 171.673065 2.092026 3.898987 -4.287308 0.004456 -0.020782 1.383179 1.074036 14.374786 -89.999996 0.000000 0.000000 
0.000862 101.999954 0.018243 91.812164 4.782059 -76.385078 -11.597305 -0.800507 -0.914780 6.037399 -1.366501 -2.011063 8.218338 -1.015350 -2.209030 7.239243 -0.676788 -2.335190 -2.825165 -0.739014 -2.316238 -22.633255 2.105225 2.104904 1.425644 2.071732 2.137878 11.777451 20.160385 6.069305 124.656586 80.917297 142.174255 -46.942963 65.946671 -9.010254 -8.222580 -1.710052 -13.418472 35.012299 -25.873413 -140.839935 13.969803 36.926834 80.675171 57.416397 -15.968628 2.056091 13.702042 -1.573441 0.394196 0.000000 6.000000 8.000000 24.191437 -1.990891 -3.885849 48.051163 -3.535645 -8.542435 19.785553 -2.728241 -4.943024 -5.000000 -1.000015 0.800003 99.949371 -17.466324 -21.504227 126.378723 -0.789017 -35.415359 74.308868 -5.433670 -24.822601 0.000000 -12.000000 -2.000000 76.364960 -13.851181 -8.457367 118.344330 -7.440460 -24.987442 62.887695 -8.807297 -12.193954 12.000000 -20.000000 -10.000000 77.183319 -15.052994 -5.644547 98.099213 -16.143051 -12.024826 50.129898 -11.629303 -3.128845 -19.225616 80.901825 175.614166 -83.729065 44.223221 -10.733475 -93.632629 20.761871 0.002838 12.579666 -0.868713 -121.462746 34.296951 26.395187 81.570984 22.024155 -1.206573 0.492203 9.999985 0.000000 0.000000 0.000000 6.000000 8.000015 54.228897 -13.254684 -11.436371 47.682953 -8.842316 -13.195221 19.358017 -5.335266 -6.811554 -5.000000 -1.000015 0.800034 31.244354 -3.170441 -0.990707 41.302246 -7.805099 -7.637039 17.722687 -5.556900 -5.337646 0.000000 -12.000000 -2.000000 53.374435 -13.474258 -5.592041 82.044220 -14.831970 -25.268051 37.203918 -10.065643 -11.819153 12.000000 -20.000000 -10.000000 35.496506 -14.051285 -3.739014 52.128815 -14.741791 -9.480804 18.054169 -6.462433 -3.346695 -7.133240 2.834091 -4.057770 -2.296310 0.006134 -0.160065 -3.000473 0.274429 5.872894 -89.999996 0.000000 0.000000 171.681946 2.054214 3.814697 -4.338974 0.003998 -0.019791 1.394699 1.056839 14.098328 -89.999996 0.000000 0.000000 
0.000798 101.999939 0.018683 91.795746 4.800354 -76.782906 -11.592743 -0.796356 -0.925797 6.046478 -1.355515 -2.031952 8.227234 -1.001053 -2.227814 7.248016 -0.659866 -2.351639 -2.816376 -0.722534 -2.333145 -22.646042 2.127563 2.139633 1.412842 2.093521 2.172958 11.964828 20.229645 6.185303 124.891144 80.770050 142.457153 -46.715866 65.898697 -9.040176 -8.217575 -1.762131 -13.557892 35.219971 -26.099442 -141.048431 13.587006 37.117706 80.587311 57.005798 -15.798630 2.088562 13.438339 -1.460342 0.369659 0.000000 6.000000 8.000000 23.977997 -1.769882 -3.785019 47.451355 -3.445572 -8.328064 19.400787 -2.658920 -4.794983 -5.000000 -1.000015 0.800003 99.945007 -17.461349 -21.552032 126.378723 -0.789017 -35.415359 74.308868 -5.433670 -24.822586 0.000000 -12.000000 -2.000000 76.372650 -13.852631 -8.460449 118.366180 -7.435989 -24.992859 62.907806 -8.807388 -12.199097 12.000000 -20.000000 -10.000000 77.315765 -15.071854 -5.702255 98.234406 -16.145355 -12.055969 50.227295 -11.647232 -3.142731 -19.349686 80.861603 175.526337 -83.804031 44.260071 -10.653442 -93.488991 20.821365 0.071960 12.538422 -1.239960 -121.532822 35.202515 25.740692 82.276123 21.403595 -0.835312 0.343857 9.999985 0.000000 0.000000 0.000000 6.000000 8.000015 54.092545 -13.224472 -11.406265 49.098129 -9.141953 -13.988388 20.245499 -5.606277 -7.303925 -5.000000 -1.000015 0.800034 31.446213 -3.244843 -1.001877 41.582672 -7.913284 -7.772675 17.905579 -5.626068 -5.428452 0.000000 -12.000000 -2.000000 57.685577 -15.433334 -7.837448 89.011200 -14.236023 -28.713394 42.239456 -10.710373 -13.954178 12.000000 -20.000000 -10.000000 42.156601 -15.202011 -4.687790 60.078766 -16.227219 -12.306290 23.511429 -8.226547 -4.520233 -7.185791 2.859070 -4.012985 -2.312836 0.006790 -0.156494 -2.906693 0.352875 6.215530 -89.999996 0.000000 0.000000 171.693176 2.015350 3.724304 -4.388840 0.003510 -0.018921 1.401825 1.038498 13.793625 -89.999996 0.000000 0.000000 
0.000735 101.999939 0.019055 91.774323 4.818268 -77.205643 -11.588196 -0.791565 -0.935074 6.055511 -1.343643 -2.049255 8.236145 -0.986496 -2.242920 7.256790 -0.643234 -2.364426 -2.807571 -0.706238 -2.346359 -22.660828 2.149399 2.174179 1.398026 2.114807 2.207840 12.192215 20.292892 6.305939 125.111816 80.619476 142.723694 -46.524612 65.849838 -9.074661 -8.211487 -1.831848 -13.666260 35.446274 -26.363205 -141.288696 13.270462 37.274643 80.512238 56.433456 -15.561096 2.130356 13.185852 -1.352158 0.345810 0.000000 6.000000 8.000000 23.742828 -1.523926 -3.674973 46.781967 -3.342422 -8.089752 18.971115 -2.580322 -4.630096 -5.000000 -1.000015 0.800003 99.940125 -17.455811 -21.605377 126.378723 -0.789017 -35.415359 74.308868 -5.433670 -24.822586 0.000000 -12.000000 -2.000000 76.401337 -13.857910 -8.472000 118.420624 -7.424789 -25.006317 62.951324 -8.807556 -12.210251 12.000000 -20.000000 -10.000000 77.502533 -15.097900 -5.783829 98.444122 -16.148758 -12.104462 50.376068 -11.674561 -3.164108 -19.486847 80.827850 175.423492 -83.880882 44.308823 -10.592896 -93.341606 20.889755 0.145462 12.501007 -1.577347 -121.592453 36.122360 25.058533 83.026733 20.873459 -0.518555 0.216187 9.999985 0.000000 0.000000 0.000000 6.000000 8.000015 53.623337 -13.119171 -11.300827 51.040817 -9.520782 -15.081543 21.459808 -5.964035 -7.981308 -5.000000 -1.000015 0.800034 31.658981 -3.338959 -1.025726 41.887680 -8.024979 -7.927872 18.105759 -5.698608 -5.530838 0.000000 -12.000000 -2.000000 62.394913 -17.337967 -10.310745 96.218964 -13.317093 -32.127335 47.517120 -11.243515 -16.188843 12.000000 -20.000000 -10.000000 49.293716 -16.512283 -6.084457 68.565689 -17.495575 -15.304199 29.310989 -9.998917 -5.823318 -7.238785 2.882858 -3.963654 -2.324921 0.007416 -0.152924 -2.810532 0.435104 6.577179 -89.999996 0.000000 0.000000 171.706970 1.977066 3.630035 -4.433731 0.003006 -0.018295 1.402786 1.019440 13.468430 -89.999996 0.000000 0.000000 
0.000669 101.999947 0.019379 91.747681 4.834763 -77.637314 -11.584091 -0.786011 -0.941483 6.063644 -1.330994 -2.060654 8.244156 -0.972137 -2.252075 7.264740 -0.627670 -2.371338 -2.799622 -0.690872 -2.353699 -22.677734 2.168976 2.206360 1.381119 2.133865 2.240326 12.456558 20.342728 6.424759 125.306305 80.475433 142.957031 -46.388641 65.803192 -9.111801 -8.204910 -1.915771 -13.732452 35.688141 -26.666595 -141.559387 13.046265 37.385071 80.456787 55.676926 -15.245697 2.180878 12.955826 -1.253708 0.323593 0.000000 6.000000 8.000000 23.494370 -1.258606 -3.558960 46.060303 -3.227966 -7.833954 18.507477 -2.494049 -4.452744 -5.000000 -1.000015 0.800003 99.934814 -17.449768 -21.663452 126.378723 -0.789017 -35.415359 74.308868 -5.433670 -24.822586 0.000000 -12.000000 -2.000000 76.460602 -13.868744 -8.495834 118.522339 -7.403778 -25.031403 63.028793 -8.807816 -12.230087 12.000000 -20.000000 -10.000000 77.758728 -15.132904 -5.895920 98.754639 -16.153351 -12.176407 50.594315 -11.714523 -3.195740 -19.625000 80.801819 175.315155 -83.957260 44.369751 -10.558136 -93.196770 20.965073 0.223068 12.471802 -1.856567 -121.644478 36.953934 24.418701 83.761993 20.479004 -0.283356 0.120239 9.999985 0.000000 0.000000 0.000000 6.000000 8.000015 52.939926 -12.966492 -11.147446 53.507309 -9.956497 -16.471161 22.997513 -6.399048 -8.843002 -5.000000 -1.000015 0.800034 31.971756 -3.514038 -1.090515 42.355560 -8.180695 -8.180420 18.413879 -5.802826 -5.694122 0.000000 -12.000000 -2.000000 67.251999 -19.033646 -12.867157 103.181458 -12.106293 -35.248413 52.696213 -11.609741 -18.373581 12.000000 -20.000000 -10.000000 56.462296 -17.877533 -7.923782 76.928925 -18.410583 -18.228348 35.013885 -11.628189 -7.162613 -7.289307 2.903824 -3.910843 -2.330917 0.008011 -0.149506 -2.716614 0.517761 6.942947 -89.999996 0.000000 0.000000 171.723450 1.941635 3.535278 -4.469910 0.002518 -0.017975 1.395370 1.000320 13.135437 -89.999996 0.000000 0.000000 
0.000598 101.999962 0.019628 91.715729 4.849701 -78.073593 -11.580780 -0.779541 -0.944687 6.070160 -1.317322 -2.065475 8.250595 -0.957855 -2.254578 7.271133 -0.613174 -2.371704 -2.793213 -0.676392 -2.354446 -22.697266 2.184723 2.234848 1.361557 2.149155 2.269058 12.756744 20.372025 6.537354 125.474396 80.343353 143.156097 -46.312027 65.759827 -9.154266 -8.197998 -2.009094 -13.759232 35.946335 -27.023499 -141.861786 12.906418 37.453674 80.420715 54.730453 -14.848892 2.237778 12.746063 -1.164078 0.302872 0.000000 6.000000 8.000000 23.240723 -0.977020 -3.438599 45.298737 -3.103836 -7.565201 18.017776 -2.401428 -4.265991 -5.000000 -1.000015 0.800003 99.929047 -17.443268 -21.726120 126.378723 -0.789017 -35.415359 74.308868 -5.433670 -24.822586 0.000000 -12.000000 -2.000000 76.565063 -13.887589 -8.538010 118.692841 -7.368301 -25.073380 63.156448 -8.808136 -12.262848 12.000000 -20.000000 -10.000000 78.109955 -15.178925 -6.050110 99.189392 -16.158936 -12.277267 50.898605 -11.769958 -3.240250 -19.754517 80.780975 175.210388 -84.032684 44.441193 -10.548325 -93.056999 21.045242 0.305435 12.453079 -2.082932 -121.699158 37.614136 23.880524 84.428528 20.216080 -0.127045 0.055481 9.999985 0.000000 0.000000 0.000000 6.000000 8.000015 52.320847 -12.831039 -11.011108 56.390930 -10.411591 -18.094955 24.792068 -6.885117 -9.852493 -5.000000 -1.000015 0.800034 32.540802 -3.862732 -1.242599 43.207642 -8.439499 -8.655075 18.973740 -5.981277 -5.996887 0.000000 -12.000000 -2.000000 72.029282 -20.446548 -15.368530 109.571442 -10.709274 -37.934494 57.529724 -11.807724 -20.398361 12.000000 -20.000000 -10.000000 63.303360 -19.172638 -10.094650 84.602753 -18.946838 -20.867279 40.252411 -13.017212 -8.440796 -7.336578 2.921692 -3.853775 -2.330673 0.008530 -0.146317 -2.626251 0.599335 7.307755 -89.999996 0.000000 0.000000 171.742828 1.909531 3.439606 -4.496979 0.002060 -0.018036 1.378922 0.981155 12.799469 -89.999996 0.000000 0.000000 
0.000528 101.999985 0.019811 91.678650 4.863129 -78.513336 -11.578445 -0.772110 -0.944885 6.074646 -1.302460 -2.064072 8.255051 -0.943436 -2.250748 7.275589 -0.599487 -2.365768 -2.788757 -0.662552 -2.348877 -22.719788 2.195465 2.259140 1.339035 2.159515 2.293518 13.090546 20.377441 6.641403 125.615295 80.225586 143.320709 -46.292419 65.720337 -9.204697 -8.190613 -2.107635 -13.754868 36.221512 -27.443237 -142.196182 12.834793 37.488800 80.401154 53.604858 -14.373581 2.298309 12.553085 -1.081726 0.283386 0.000000 6.000000 8.000000 22.988998 -0.682709 -3.315475 44.509872 -2.971954 -7.287857 17.509949 -2.303909 -4.072876 -5.000000 -1.000015 0.800003 99.922913 -17.436340 -21.792938 126.378723 -0.789017 -35.415359 74.308868 -5.433670 -24.822586 0.000000 -12.000000 -2.000000 76.724731 -13.916107 -8.602600 118.946289 -7.315231 -25.135620 63.345276 -8.808395 -12.311371 12.000000 -20.000000 -10.000000 78.572876 -15.236832 -6.253906 99.760284 -16.164932 -12.409653 51.297577 -11.842178 -3.299072 -19.864197 80.762329 175.119598 -84.106735 44.521744 -10.561935 -92.923660 21.130936 0.393356 12.445740 -2.270355 -121.765839 38.058945 23.478897 84.996521 20.065216 -0.037781 0.017639 9.999985 0.000000 0.000000 0.000000 6.000000 8.000015 51.998901 -12.766129 -10.945862 59.569687 -10.852051 -19.878281 26.768784 -7.396301 -10.967148 -5.000000 -1.000015 0.800034 33.488617 -4.452072 -1.517548 44.610352 -8.839722 -9.443558 19.891769 -6.263275 -6.496780 0.000000 -12.000000 -2.000000 76.562897 -21.554398 -17.716187 115.210724 -9.236511 -40.140366 61.870956 -11.858994 -22.200760 12.000000 -20.000000 -10.000000 69.578705 -20.312851 -12.474060 91.215485 -19.149048 -23.099136 44.791840 -14.124069 -9.591385 -7.380569 2.936676 -3.791748 -2.324738 0.008972 -0.143341 -2.539444 0.679230 7.669662 -89.999996 0.000000 0.000000 171.765106 1.880569 3.341888 -4.515701 0.001617 -0.018402 1.353897 0.961929 12.462860 -89.999996 0.000000 0.000000 
0.000466 102.000008 0.019952 91.637268 4.875214 -78.953003 -11.577332 -0.763824 -0.942535 6.076706 -1.286575 -2.057404 8.257111 -0.928864 -2.241547 7.277695 -0.586441 -2.354523 -2.786667 -0.649200 -2.337967 -22.745102 2.200226 2.277954 1.313721 2.163986 2.312393 13.453842 20.354172 6.732605 125.735840 80.123840 143.459259 -46.321320 65.685043 -9.264542 -8.182343 -2.205200 -13.728333 36.510864 -27.931259 -142.562134 12.808777 37.501648 80.393250 52.335419 -13.833069 2.358414 12.375336 -1.005966 0.265167 0.000000 6.000000 8.000000 22.750122 -0.384109 -3.192947 43.716690 -2.836319 -7.009857 16.998672 -2.204376 -3.878922 -5.000000 -1.000015 0.800003 99.916534 -17.429153 -21.862320 126.378723 -0.789017 -35.415359 74.308868 -5.433670 -24.822586 0.000000 -12.000000 -2.000000 76.950836 -13.955978 -8.694305 119.297668 -7.241058 -25.221588 63.607071 -8.808456 -12.378662 12.000000 -20.000000 -10.000000 79.164276 -15.306625 -6.514999 100.467987 -16.170380 -12.573410 51.792068 -11.930984 -3.372528 -19.947601 80.743988 175.047913 -84.177017 44.610016 -10.595184 -92.800072 21.219513 0.483124 12.450104 -2.438324 -121.850815 38.264038 23.236496 85.438507 19.995850 0.002945 -0.000259 9.999985 0.000000 0.000000 0.000000 6.000000 8.000015 52.222244 -12.825912 -11.007812 62.839966 -11.239792 -21.703033 28.802185 -7.896240 -12.115845 -5.000000 -1.000015 0.800034 34.931839 -5.336487 -1.950073 46.705414 -9.402252 -10.621048 21.257278 -6.668991 -7.241669 0.000000 -12.000000 -2.000000 80.647736 -22.357925 -19.797745 119.937225 -7.816681 -41.845627 65.570877 -11.800293 -23.719299 12.000000 -20.000000 -10.000000 75.047897 -21.214874 -14.872665 96.464417 -19.102524 -24.831497 48.427704 -14.930374 -10.547653 -7.421356 2.949219 -3.724548 -2.314270 0.009369 -0.140579 -2.456329 0.756317 8.025314 -89.999996 0.000000 0.000000 171.790100 1.854431 3.241348 -4.527756 0.001205 -0.019058 1.321701 0.942825 12.129791 -89.999996 0.000000 0.000000 
0.000430 102.000038 0.020030 91.592255 4.886337 -79.391190 -11.577423 -0.754745 -0.938492 6.076309 -1.269547 -2.047180 8.256729 -0.913773 -2.228653 7.277359 -0.573410 -2.339539 -2.787018 -0.635788 -2.323334 -22.772827 2.196793 2.289734 1.285980 2.160355 2.324142 13.839981 20.294418 6.805038 125.842285 80.038177 143.581573 -46.384308 65.652145 -9.337326 -8.171722 -2.303818 -13.691711 36.808105 -28.494431 -142.957703 12.805756 37.503250 80.391632 50.973679 -13.248566 2.413635 12.209274 -0.935226 0.247986 0.000000 6.000000 8.000000 22.540771 -0.093658 -3.075638 42.955338 -2.703720 -6.743591 16.507462 -2.107681 -3.692917 -5.000000 -1.000015 0.800003 99.910156 -17.421997 -21.931458 126.378723 -0.789017 -35.415359 74.308868 -5.433670 -24.822586 0.000000 -12.000000 -2.000000 77.257477 -14.009018 -8.819107 119.764801 -7.141342 -25.335297 63.955902 -8.807938 -12.468460 12.000000 -20.000000 -10.000000 79.896820 -15.386673 -6.839447 101.289459 -16.174255 -12.762924 52.366425 -12.033234 -3.458420 -20.010406 80.722290 174.988434 -84.238823 44.701370 -10.639832 -92.691315 21.306122 0.569046 12.463974 -2.614685 -121.959579 38.262695 23.138306 85.755585 19.973343 0.015976 -0.006348 9.999985 0.000000 0.000000 0.000000 6.000000 8.000015 53.110825 -13.035156 -11.224915 65.982132 -11.550858 -23.444534 30.757019 -8.352463 -13.221359 -5.000000 -1.000015 0.800034 36.889175 -6.506348 -2.548676 49.477142 -10.100464 -12.176239 23.057571 -7.185944 -8.224747 0.000000 -12.000000 -2.000000 84.145752 -22.904556 -21.547928 123.731659 -6.555145 -43.108109 68.583817 -11.681122 -24.940430 12.000000 -20.000000 -10.000000 79.602295 -21.862869 -17.105530 100.333771 -18.929962 -26.083450 51.139496 -15.475052 -11.287506 -7.459824 2.960022 -3.650574 -2.300537 0.009720 -0.138046 -2.376373 0.829407 8.372452 -89.999996 0.000000 0.000000 171.817230 1.830490 3.136292 -4.535706 0.000824 -0.019882 1.284546 0.924164 11.803131 -89.999996 0.000000 0.000000 
0.000434 102.000069 0.020078 91.544495 4.896790 -79.823479 -11.578705 -0.745087 -0.933563 6.073517 -1.251602 -2.035034 8.253967 -0.898071 -2.213699 7.274673 -0.560104 -2.322418 -2.789719 -0.622025 -2.306595 -22.802490 2.183456 2.293549 1.256332 2.146957 2.327744 14.244904 20.194199 6.854935 125.929108 79.968018 143.685913 -46.474136 65.620300 -9.428528 -8.157471 -2.406754 -13.651611 37.102036 -29.135468 -143.374802 12.813782 37.499390 80.393188 49.568481 -12.640579 2.460724 12.054871 -0.869492 0.231873 0.000000 6.000000 8.000000 22.373215 0.177551 -2.967651 42.255630 -2.579956 -6.499329 16.055725 -2.017914 -3.522125 -5.000000 -1.000015 0.800003 99.904053 -17.415131 -21.997726 126.378723 -0.789017 -35.415359 74.308868 -5.433670 -24.822586 0.000000 -12.000000 -2.000000 77.650635 -14.075653 -8.979630 120.354309 -7.013992 -25.477722 64.397369 -8.806442 -12.582138 12.000000 -20.000000 -10.000000 80.772675 -15.474335 -7.228317 102.194855 -16.175613 -12.970932 53.000275 -12.145004 -3.553787 -20.059265 80.695282 174.933685 -84.287399 44.790970 -10.688812 -92.602959 21.385651 0.645966 12.485855 -2.816574 -122.091644 38.104279 23.155365 85.961731 19.977600 0.013260 -0.005600 9.999985 0.000000 0.000000 0.000000 6.000000 8.000015 54.655609 -13.387405 -11.594177 68.844177 -11.778885 -25.018860 32.540329 -8.746536 -14.230606 -5.000000 -1.000015 0.800034 39.316147 -7.914764 -3.302475 52.823822 -10.884918 -14.045517 25.225571 -7.785690 -9.408203 0.000000 -12.000000 -2.000000 86.983002 -23.242950 -22.946075 126.626343 -5.507401 -44.004898 70.911209 -11.536575 -25.876190 12.000000 -20.000000 -10.000000 83.230988 -22.283112 -19.060410 102.958374 -18.726669 -26.930191 53.000702 -15.811050 -11.820099 -7.496414 2.969604 -3.569168 -2.284454 0.010010 -0.135712 -2.299820 0.897110 8.706802 -89.999996 0.000000 0.000000 171.845947 1.808365 3.026810 -4.541489 0.000488 -0.020798 1.244659 0.906677 11.486832 -89.999996 0.000000 0.000000 
0.000465 102.000099 0.020112 91.495178 4.906937 -80.244835 -11.580963 -0.735046 -0.928711 6.068741 -1.232895 -2.022934 8.249222 -0.881607 -2.198685 7.269989 -0.546066 -2.305130 -2.794418 -0.607529 -2.289673 -22.833466 2.158310 2.288589 1.225357 2.121902 2.322372 14.659286 20.050644 6.878006 125.993988 79.911469 143.773956 -46.577072 65.586777 -9.541229 -8.138779 -2.521179 -13.616486 37.380859 -29.853592 -143.805328 12.820145 37.496262 80.394684 48.179489 -12.035202 2.496323 11.909363 -0.807571 0.216553 0.000000 6.000000 8.000000 22.261902 0.416718 -2.873520 41.654648 -2.472473 -6.289642 15.667572 -1.940277 -3.375519 -5.000000 -1.000015 0.800003 99.898499 -17.408905 -22.057938 126.378723 -0.789017 -35.415375 74.308868 -5.433670 -24.822586 0.000000 -12.000000 -2.000000 78.133942 -14.155563 -9.177551 121.068634 -6.857574 -25.648468 64.933945 -8.803421 -12.720245 12.000000 -20.000000 -10.000000 81.783539 -15.565231 -7.677979 103.132935 -16.173843 -13.185425 53.658173 -12.259842 -3.653366 -20.105789 80.660614 174.871826 -84.318504 44.871216 -10.732193 -92.540131 21.451599 0.708511 12.512558 -3.061203 -122.245987 37.861694 23.242432 86.080719 19.986420 0.007996 -0.003448 9.999985 0.000000 0.000000 0.000000 6.000000 8.000015 56.759277 -13.855759 -12.092468 71.269806 -11.925140 -26.342148 34.055191 -9.062454 -15.088303 -5.000000 -1.000015 0.800034 42.083374 -9.467773 -4.175522 56.524994 -11.682724 -16.101959 27.618057 -8.420166 -10.713577 0.000000 -12.000000 -2.000000 89.133148 -23.434402 -23.993042 128.716980 -4.702988 -44.610489 72.607712 -11.399811 -26.552368 12.000000 -20.000000 -10.000000 85.974396 -22.508484 -20.627762 104.583984 -18.556808 -27.457733 54.164276 -16.000427 -12.168915 -7.531891 2.978622 -3.479141 -2.267242 0.010269 -0.133575 -2.226700 0.957916 9.023224 -89.999996 0.000000 0.000000 171.875305 1.787521 2.913269 -4.547501 0.000168 -0.021667 1.204834 0.890976 11.185287 -89.999996 0.000000 0.000000 
0.000544 102.000114 0.020132 91.445007 4.917130 -80.651596 -11.583801 -0.724609 -0.924515 6.062820 -1.213226 -2.011993 8.243332 -0.864014 -2.184647 7.264160 -0.530746 -2.288651 -2.800262 -0.591782 -2.273605 -22.866028 2.118744 2.274506 1.192810 2.082565 2.307678 15.068344 19.857758 6.869614 126.035034 79.866394 143.846619 -46.679550 65.546082 -9.679840 -8.118454 -2.666077 -13.589722 37.644043 -30.638916 -144.251709 12.823639 37.494522 80.395660 46.843262 -11.449646 2.518753 11.767441 -0.747269 0.201385 0.000000 6.000000 8.000000 22.225906 0.614914 -2.796097 41.199646 -2.390518 -6.130905 15.373764 -1.881241 -3.264587 -5.000000 -1.000015 0.800003 99.893677 -17.403519 -22.110031 126.378723 -0.789017 -35.415375 74.308868 -5.433670 -24.822586 0.000000 -12.000000 -2.000000 78.709259 -14.247849 -9.413986 121.907806 -6.670898 -25.846558 65.565933 -8.798172 -12.882858 12.000000 -20.000000 -10.000000 82.908478 -15.654251 -8.179153 104.043945 -16.169144 -13.392700 54.298325 -12.370438 -3.750793 -20.163651 80.614655 174.791138 -84.329704 44.930389 -10.760345 -92.506226 21.496445 0.753571 12.541870 -3.356995 -122.423233 37.602661 23.355362 86.141724 19.994202 0.003403 -0.001480 9.999985 0.000000 0.000000 0.000000 6.000000 8.000015 59.222610 -14.392258 -12.675140 73.202042 -12.006180 -27.388702 35.265671 -9.300446 -15.774155 -5.000000 -1.000015 0.800034 44.991089 -11.043121 -5.110504 60.286606 -12.417969 -18.181564 30.045425 -9.033890 -12.037872 0.000000 -12.000000 -2.000000 90.647034 -23.531097 -24.729263 130.138702 -4.127960 -45.005783 73.768173 -11.287186 -27.014420 12.000000 -20.000000 -10.000000 87.933716 -22.605438 -21.791489 105.494965 -18.442261 -27.763336 54.819122 -16.097107 -12.376831 -7.567001 2.987350 -3.377594 -2.249466 0.010513 -0.131668 -2.157257 1.010620 9.316010 -89.999996 0.000000 0.000000 171.904419 1.767853 2.795898 -4.555252 -0.000092 -0.022430 1.166565 0.877457 10.901718 -89.999996 0.000000 0.000000 
0.000669 102.000137 0.020164 91.394562 4.927658 -81.042000 -11.586853 -0.713654 -0.921158 6.056488 -1.192383 -2.002640 8.237000 -0.845001 -2.171982 7.257889 -0.513809 -2.273315 -2.806549 -0.574432 -2.258728 -22.900528 2.063507 2.251572 1.158310 2.027710 2.283859 15.458954 19.613098 6.827560 126.054626 79.830750 143.907104 -46.770218 65.493576 -9.844284 -8.099945 -2.856094 -13.573318 37.897690 -31.478149 -144.719910 12.825256 37.493713 80.396179 45.576263 -10.892609 2.527695 11.622864 -0.685913 0.185638 0.000000 6.000000 8.000000 22.276733 0.769104 -2.736008 40.920517 -2.340042 -6.033569 15.193817 -1.845001 -3.196655 -5.000000 -1.000015 0.800003 99.889679 -17.399048 -22.153275 126.378723 -0.789017 -35.415375 74.308868 -5.433670 -24.822586 0.000000 -12.000000 -2.000000 79.373657 -14.350922 -9.687866 122.866241 -6.454178 -26.069244 66.289047 -8.790100 -13.068665 12.000000 -20.000000 -10.000000 84.123505 -15.737030 -8.720779 104.883392 -16.162125 -13.582733 54.889450 -12.471527 -3.841232 -20.243744 80.554840 174.682831 -84.321678 44.959290 -10.766205 -92.501587 21.515488 0.780106 12.572342 -3.705154 -122.625320 37.370270 23.465561 86.165314 19.999313 0.000397 -0.000183 9.999985 0.000000 0.000000 0.000000 6.000000 8.000015 61.878296 -14.956573 -13.303940 74.647629 -12.039612 -28.169373 36.175034 -9.467865 -16.290802 -5.000000 -1.000015 0.800034 47.873352 -12.546692 -6.057632 63.879181 -13.042984 -20.157776 32.361389 -9.588516 -13.301620 0.000000 -12.000000 -2.000000 91.607635 -23.569260 -25.201874 131.019958 -3.752182 -45.247543 74.490692 -11.204224 -27.304764 12.000000 -20.000000 -10.000000 89.213562 -22.624039 -22.577026 105.903229 -18.378418 -27.911789 55.113113 -16.134155 -12.480011 -7.602325 2.995880 -3.262741 -2.231430 0.010727 -0.129974 -2.091644 1.054749 9.582108 -89.999996 0.000000 0.000000 171.932709 1.749313 2.674805 -4.565659 -0.000320 -0.023071 1.130707 0.866455 10.637711 -89.999996 0.000000 0.000000 
0.000820 102.000145 0.020207 91.344147 4.938721 -81.416641 -11.589523 -0.702118 -0.918747 6.050888 -1.170105 -1.994995 8.231400 -0.824295 -2.160767 7.252319 -0.494995 -2.259140 -2.812134 -0.555252 -2.245071 -22.937897 1.992020 2.221191 1.120941 1.956711 2.252365 15.814011 19.316376 6.752014 126.053741 79.800354 143.957275 -46.837204 65.423187 -10.037186 -8.089218 -3.111038 -13.568329 38.155075 -32.347717 -145.219238 12.825317 37.493683 80.396210 44.385803 -10.368408 2.523499 11.465973 -0.619446 0.168228 0.000000 6.000000 8.000000 22.426773 0.880356 -2.691986 40.849915 -2.327377 -6.008987 15.148911 -1.836014 -3.179672 -5.000000 -1.000015 0.800003 99.886475 -17.395462 -22.188065 126.378723 -0.789017 -35.415375 74.308868 -5.433670 -24.822586 0.000000 -12.000000 -2.000000 80.117279 -14.461914 -9.995285 123.929382 -6.209503 -26.311478 67.092361 -8.778580 -13.274643 12.000000 -20.000000 -10.000000 85.388397 -15.808731 -9.284500 105.603851 -16.153839 -13.744995 55.397980 -12.557632 -3.919403 -20.352585 80.477814 174.544281 -84.297455 44.947205 -10.741745 -92.523346 21.503601 0.791046 12.603058 -4.104446 -122.855453 37.202560 23.546448 86.175323 20.000000 0.000000 0.000000 10.000122 -0.000076 0.000015 0.000000 6.000000 8.000015 64.534592 -15.506378 -13.937256 75.667267 -12.044846 -28.720047 36.819672 -9.578705 -16.658493 -5.000000 -1.000015 0.800034 50.543732 -13.881790 -6.959656 67.067963 -13.519760 -21.905029 34.416443 -10.048950 -14.424469 0.000000 -12.000000 -2.000000 92.158386 -23.583572 -25.481003 131.535217 -3.526001 -45.388321 74.913712 -11.151138 -27.475876 12.000000 -20.000000 -10.000000 89.990021 -22.608856 -23.044250 106.057800 -18.350693 -27.971054 55.226303 -16.146683 -12.522324 -7.638565 3.004349 -3.131760 -2.213409 0.010925 -0.128479 -2.029617 1.090714 9.819595 -89.999996 0.000000 0.000000 171.959686 1.731781 2.549896 -4.579544 -0.000504 -0.023560 1.097610 0.857971 10.392776 -89.999996 0.000000 0.000000 
0.001003 102.000153 0.020270 91.293549 4.950775 -81.779007 -11.591248 -0.689621 -0.917023 6.047165 -1.145767 -1.988495 8.227661 -0.801346 -2.150330 7.248611 -0.473862 -2.245422 -2.815857 -0.533752 -2.231918 -22.979813 1.903229 2.186035 1.079025 1.868484 2.215805 16.115646 18.962341 6.645569 126.025635 79.774139 143.989868 -46.873215 65.328003 -10.260986 -8.094254 -3.449020 -13.574142 38.439911 -33.212219 -145.767593 12.825317 37.493683 80.396210 43.265991 -9.875427 2.507751 11.291351 -0.545563 0.148560 0.000000 6.000000 8.000000 22.687225 0.953125 -2.661469 41.019806 -2.357574 -6.068939 15.259491 -1.858047 -3.221588 -5.000000 -1.000015 0.800003 99.883911 -17.392609 -22.215759 126.378723 -0.789017 -35.415375 74.308868 -5.433670 -24.822601 0.000000 -12.000000 -2.000000 80.923309 -14.577179 -10.329468 125.073883 -5.941315 -26.566727 67.958084 -8.763229 -13.496063 12.000000 -20.000000 -10.000000 86.652832 -15.866272 -9.847626 106.181061 -16.145599 -13.874435 55.806519 -12.626175 -3.982498 -20.493637 80.378693 174.376892 -84.263420 44.886871 -10.685303 -92.564796 21.457840 0.792328 12.633530 -4.545731 -123.116180 37.098831 23.596756 86.180847 19.999817 0.000107 -0.000046 9.999680 0.000183 -0.000046 0.000000 6.000000 8.000015 67.084656 -16.021408 -14.554245 76.370026 -12.035873 -29.103027 37.266205 -9.649857 -16.915176 -5.000000 -1.000015 0.800034 52.891937 -15.004379 -7.779770 69.745392 -13.849869 -23.369995 36.143188 -10.406769 -15.370819 0.000000 -12.000000 -2.000000 92.426392 -23.586594 -25.625198 131.802887 -3.403992 -45.463959 75.133377 -11.120728 -27.566544 12.000000 -20.000000 -10.000000 90.397644 -22.589325 -23.288239 106.081207 -18.342712 -27.983932 55.244995 -16.146973 -12.532303 -7.676239 3.012314 -2.982208 -2.195709 0.011108 -0.127167 -1.970673 1.119415 10.029129 -89.999996 0.000000 0.000000 171.985138 1.715637 2.419495 -4.596985 -0.000641 -0.023895 1.066315 0.851852 10.165253 -89.999996 0.000000 0.000000 
0.001201 102.000160 0.020352 91.242371 4.964111 -82.133278 -11.591629 -0.675980 -0.915695 6.046112 -1.119003 -1.982529 8.226578 -0.775940 -2.140045 7.247574 -0.450272 -2.231476 -2.816895 -0.509781 -2.218613 -23.027771 1.797256 2.148712 1.031052 1.763138 2.176819 16.353500 18.549240 6.512589 125.966644 79.751129 144.000671 -46.875198 65.203568 -10.518372 -8.120941 -3.880112 -13.590744 38.773285 -34.043915 -146.380020 12.825317 37.493683 80.396210 42.206512 -9.409515 2.482178 11.097656 -0.463654 0.126526 0.000000 6.000000 8.000000 23.062424 0.994080 -2.641266 41.445160 -2.432373 -6.219101 15.534912 -1.912537 -3.326126 -5.000000 -1.000015 0.800003 99.881836 -17.390305 -22.238113 126.378723 -0.789017 -35.415375 74.308884 -5.433670 -24.822601 0.000000 -12.000000 -2.000000 81.775757 -14.693542 -10.683792 126.277618 -5.654175 -26.828812 68.869522 -8.743866 -13.728455 12.000000 -20.000000 -10.000000 87.879150 -15.908508 -10.393158 106.608978 -16.138474 -13.970108 56.110260 -12.676743 -4.029663 -20.665192 80.255188 174.186371 -84.226105 44.775696 -10.601822 -92.618851 21.379883 0.788345 12.663788 -5.022171 -123.407127 37.047943 23.621567 86.185089 19.998291 0.000992 -0.000458 9.997482 0.001541 -0.000412 0.000000 6.000000 8.000015 69.497223 -16.498596 -15.150574 76.850983 -12.019989 -29.370300 37.573425 -9.694336 -17.094055 -5.000000 -1.000015 0.800034 54.887039 -15.913910 -8.505585 71.909637 -14.055374 -24.559540 37.541504 -10.670425 -16.142288 0.000000 -12.000000 -2.000000 92.507355 -23.584045 -25.677078 131.906403 -3.352936 -45.495453 75.218369 -11.106628 -27.603210 12.000000 -20.000000 -10.000000 90.545380 -22.572830 -23.377640 106.039001 -18.344864 -27.972061 55.216431 -16.141296 -12.525299 -7.715698 3.019485 -2.812790 -2.178436 0.011307 -0.125977 -1.914230 1.141754 10.213058 -89.999996 0.000000 0.000000 172.009033 1.701141 2.282013 -4.617752 -0.000748 -0.024139 1.035889 0.847778 9.952759 -89.999996 0.000000 0.000000 
0.001404 102.000168 0.020446 91.190186 4.979126 -82.484657 -11.590286 -0.661057 -0.914566 6.048492 -1.089645 -1.976624 8.228928 -0.747955 -2.129364 7.249954 -0.424179 -2.216766 -2.814529 -0.483307 -2.204620 -23.082748 1.675385 2.112457 0.976028 1.641861 2.138641 16.518311 18.074402 6.359848 125.872375 79.731445 143.983337 -46.840149 65.046127 -10.808182 -8.175400 -4.406998 -13.619202 39.176514 -34.803360 -147.070221 12.825317 37.493683 80.396210 41.198624 -8.966461 2.449432 10.889145 -0.375534 0.102676 0.000000 6.000000 8.000000 23.551437 1.010834 -2.627899 42.133026 -2.551224 -6.462448 15.979187 -1.999466 -3.495102 -5.000000 -1.000015 0.800003 99.880066 -17.388321 -22.257355 126.378723 -0.789017 -35.415375 74.308884 -5.433670 -24.822601 0.000000 -12.000000 -2.000000 82.647491 -14.806671 -11.046967 127.503387 -5.356537 -27.088684 69.798477 -8.720764 -13.964432 12.000000 -20.000000 -10.000000 89.020355 -15.935379 -10.900101 106.895874 -16.133072 -14.034088 56.314590 -12.710526 -4.061523 -20.862274 80.106445 173.981232 -84.193161 44.616745 -10.500931 -92.676147 21.272812 0.786133 12.694656 -5.520035 -123.723251 37.034348 23.627243 86.193481 19.989395 0.006241 -0.002686 9.984985 0.009384 -0.002136 0.000000 6.000000 8.000015 71.750931 -16.935867 -15.722031 77.224243 -12.003967 -29.580917 37.812180 -9.727127 -17.234314 -5.000000 -1.000015 0.800034 56.528732 -16.627258 -9.131088 73.608139 -14.167084 -25.502319 38.641190 -10.856186 -16.754913 0.000000 -12.000000 -2.000000 92.514526 -23.582214 -25.687637 131.946869 -3.333023 -45.507843 75.251328 -11.101135 -27.617462 12.000000 -20.000000 -10.000000 90.570892 -22.565796 -23.393021 106.008972 -18.347855 -27.961685 55.195969 -16.137939 -12.518875 -7.757050 3.025314 -2.623962 -2.162140 0.011475 -0.124878 -1.859299 1.159241 10.376099 -89.999996 0.000000 0.000000 172.031433 1.688705 2.135864 -4.641342 -0.000824 -0.024307 1.005127 0.845337 9.751801 -89.999996 0.000000 0.000000 
0.001603 102.000183 0.020556 91.136658 4.996414 -82.836159 -11.587158 -0.644547 -0.913742 6.054428 -1.057037 -1.970993 8.234833 -0.716721 -2.118423 7.255890 -0.394913 -2.201309 -2.808594 -0.453644 -2.189941 -23.145233 1.537338 2.079544 0.913498 1.504349 2.103561 16.608337 17.527817 6.192551 125.728180 79.720459 143.921753 -46.772079 64.854782 -11.126160 -8.259323 -5.014389 -13.661499 39.653168 -35.456497 -147.836838 12.825317 37.493683 80.396210 40.262680 -8.554840 2.413162 10.678955 -0.286728 0.078552 0.000000 6.000000 8.000000 24.136612 1.005493 -2.620926 43.059402 -2.707993 -6.790939 16.576355 -2.114868 -3.722717 -5.000000 -1.000015 0.800003 99.878540 -17.386642 -22.273682 126.378723 -0.789017 -35.415375 74.308884 -5.433670 -24.822601 0.000000 -12.000000 -2.000000 83.508759 -14.912781 -11.406525 128.710327 -5.058533 -27.337799 70.713928 -8.694763 -14.196091 12.000000 -20.000000 -10.000000 90.033630 -15.949188 -11.349548 107.067810 -16.129547 -14.072403 56.437469 -12.730728 -4.080811 -21.083496 79.929840 173.765930 -84.167397 44.422028 -10.393631 -92.728676 21.143723 0.789490 12.729538 -6.022675 -124.054031 37.037216 23.624207 86.204468 19.975677 0.014465 -0.005966 9.965973 0.021408 -0.004440 0.000000 6.000000 8.000015 73.871887 -17.340668 -16.272797 77.557404 -11.987930 -29.770859 38.024582 -9.755447 -17.359802 -5.000000 -1.000015 0.800034 57.864914 -17.184174 -9.663422 74.936966 -14.221130 -26.250687 39.503021 -10.986832 -17.240662 0.000000 -12.000000 -2.000000 92.489105 -23.580109 -25.677414 131.951599 -3.329712 -45.509842 75.255051 -11.099915 -27.619461 12.000000 -20.000000 -10.000000 90.537231 -22.562775 -23.374222 105.984497 -18.350433 -27.953018 55.178909 -16.135254 -12.513397 -7.800064 3.029068 -2.418015 -2.148132 0.011642 -0.123795 -1.804657 1.173172 10.522781 -89.999996 0.000000 0.000000 172.052277 1.679062 1.978439 -4.667511 -0.000885 -0.024445 0.973450 0.844742 9.561676 -89.999996 0.000000 0.000000 
0.001771 102.000183 0.020674 91.081635 5.016388 -83.189293 -11.582306 -0.626205 -0.913528 6.063751 -1.020599 -1.966125 8.244125 -0.681580 -2.107605 7.265198 -0.361771 -2.185410 -2.799301 -0.420074 -2.174927 -23.215027 1.382675 2.051498 0.843658 1.350143 2.073090 16.627579 16.903259 6.015015 125.515167 79.723694 143.796295 -46.678513 64.630829 -11.468704 -8.370270 -5.683640 -13.722260 40.195267 -35.986954 -148.667450 12.825317 37.493683 80.396210 39.420334 -8.184082 2.376282 10.477890 -0.201797 0.055389 0.000000 6.000000 8.000000 24.798126 0.978012 -2.620972 44.191635 -2.895447 -7.192947 17.305191 -2.253876 -4.001022 -5.000000 -1.000015 0.800003 99.877350 -17.385315 -22.286545 126.378723 -0.789017 -35.415375 74.308884 -5.433670 -24.822601 0.000000 -12.000000 -2.000000 84.337158 -15.009491 -11.753052 129.868073 -4.768158 -27.570343 71.592987 -8.666779 -14.417664 12.000000 -20.000000 -10.000000 90.894043 -15.952835 -11.730774 107.151428 -16.127670 -14.091080 56.497620 -12.740555 -4.090332 -21.326935 79.722900 173.543457 -84.148712 44.203049 -10.288269 -92.771996 21.001007 0.801483 12.770599 -6.519119 -124.391449 37.046875 23.616577 86.219696 19.958466 0.024979 -0.009781 9.942581 0.036469 -0.006592 0.000000 6.000000 8.000015 75.874893 -17.716324 -16.803467 77.885773 -11.971542 -29.958420 38.233063 -9.782959 -17.483124 -5.000000 -1.000015 0.800034 58.941727 -17.616119 -10.111221 75.969604 -14.239426 -26.842834 40.173676 -11.077621 -17.623703 0.000000 -12.000000 -2.000000 92.455566 -23.578262 -25.660507 131.938873 -3.334625 -45.506439 75.244583 -11.100815 -27.615402 12.000000 -20.000000 -10.000000 90.487000 -22.562057 -23.345428 105.968445 -18.352158 -27.947220 55.167496 -16.133453 -12.509644 -7.844437 3.030289 -2.197723 -2.137360 0.011780 -0.122696 -1.749435 1.184570 10.656693 -89.999996 0.000000 0.000000 172.071472 1.672684 1.808014 -4.696014 -0.000931 -0.024521 0.940720 0.846176 9.382385 -89.999996 0.000000 0.000000 
0.001916 102.000191 0.020791 91.025208 5.039597 -83.544029 -11.576035 -0.605789 -0.914536 6.075912 -0.979721 -1.963150 8.256226 -0.641754 -2.097931 7.277313 -0.323822 -2.169937 -2.787186 -0.381729 -2.160477 -23.291016 1.211288 2.029358 0.767624 1.179138 2.048233 16.585587 16.197632 5.831985 125.216919 79.747833 143.589203 -46.567703 64.378784 -11.822372 -8.503494 -6.380600 -13.804855 40.781738 -36.384750 -149.538498 12.825317 37.493683 80.396210 38.709030 -7.870361 2.343185 10.299042 -0.126236 0.034790 0.000000 6.000000 8.000000 25.494644 0.927673 -2.629684 45.455063 -3.099762 -7.641846 18.117493 -2.406677 -4.311691 -5.000000 -1.000015 0.800003 99.876587 -17.384476 -22.294647 126.378723 -0.789017 -35.415375 74.308884 -5.433670 -24.822601 0.000000 -12.000000 -2.000000 85.105133 -15.094406 -12.074814 130.939972 -4.495316 -27.779724 72.407806 -8.638138 -14.622177 12.000000 -20.000000 -10.000000 91.576111 -15.950241 -12.032608 107.182190 -16.126923 -14.097977 56.519989 -12.744186 -4.093918 -21.590576 79.484497 173.316528 -84.134766 43.979324 -10.193954 -92.800995 20.857468 0.821777 12.821335 -6.992477 -124.720146 37.055725 23.607697 86.239868 19.948273 0.031906 -0.010941 9.932999 0.043365 -0.005447 0.000000 6.000000 8.000015 77.761932 -18.062820 -17.309387 78.248199 -11.954529 -30.164124 38.462021 -9.813690 -17.618103 -5.000000 -1.000015 0.800034 59.808777 -17.955429 -10.481201 76.777679 -14.244247 -27.310898 40.698929 -11.144333 -17.925903 0.000000 -12.000000 -2.000000 92.440857 -23.577621 -25.652176 131.931824 -3.337585 -45.504364 75.238861 -11.101440 -27.613052 12.000000 -20.000000 -10.000000 90.463959 -22.562500 -23.331833 105.965698 -18.352478 -27.946198 55.165359 -16.133133 -12.508942 -7.889664 3.028488 -1.968613 -2.131439 0.011902 -0.121460 -1.692078 1.194839 10.782547 -89.999996 0.000000 0.000000 172.088715 1.670074 1.623154 -4.726791 -0.000946 -0.024536 0.907532 0.850128 9.214828 -89.999996 0.000000 0.000000 
0.002020 102.000206 0.020897 90.967590 5.066833 -83.898659 -11.568817 -0.582703 -0.917542 6.089890 -0.933029 -1.963547 8.270126 -0.595642 -2.090607 7.291229 -0.279297 -2.155853 -2.773285 -0.336853 -2.147598 -23.371170 1.021240 2.012619 0.687408 0.989365 2.028503 16.492111 15.406555 5.644318 124.815399 79.800903 143.282074 -46.454453 64.109741 -12.176514 -8.649963 -7.064728 -13.910889 41.372131 -36.661346 -150.412445 12.825317 37.493683 80.396210 38.191025 -7.641647 2.317993 10.158142 -0.066711 0.018570 0.000000 6.000000 8.000000 26.167267 0.849075 -2.651108 46.738022 -3.302933 -8.097702 18.941452 -2.559784 -4.627213 -5.000000 -1.000015 0.800003 99.876556 -17.384460 -22.294861 126.378723 -0.789017 -35.415375 74.308884 -5.433670 -24.822601 0.000000 -12.000000 -2.000000 85.794525 -15.166626 -12.364136 131.899292 -4.247864 -27.962280 73.137970 -8.610245 -14.804733 12.000000 -20.000000 -10.000000 92.065155 -15.945084 -12.248856 107.184387 -16.126801 -14.098511 56.521851 -12.744476 -4.094254 -21.879059 79.212189 173.081055 -84.118462 43.773300 -10.110123 -92.811470 20.725418 0.848297 12.883774 -7.424866 -125.024963 37.062683 23.600052 86.258087 19.986526 0.010254 0.000183 9.994354 0.005569 0.005219 0.000000 6.000000 8.000015 79.515808 -18.377792 -17.783463 78.658173 -11.933929 -30.397003 38.720413 -9.847794 -17.770615 -5.000000 -1.000015 0.800034 60.469574 -18.209808 -10.767273 77.354675 -14.243683 -27.647415 41.074005 -11.190094 -18.142746 0.000000 -12.000000 -2.000000 92.435486 -23.577438 -25.649048 131.926422 -3.339920 -45.502762 75.234512 -11.101974 -27.611252 12.000000 -20.000000 -10.000000 90.455841 -22.562775 -23.327026 105.965210 -18.352524 -27.946014 55.164932 -16.133072 -12.508789 -7.935226 3.023254 -1.736267 -2.132553 0.011978 -0.120041 -1.630920 1.204483 10.903915 -89.999996 0.000000 0.000000 172.103394 1.671768 1.422256 -4.760147 -0.000961 -0.024445 0.875183 0.857407 9.061722 -89.999996 0.000000 0.000000 
0.002077 102.000214 0.020995 90.909027 5.098587 -84.251045 -11.561127 -0.556458 -0.923141 6.104752 -0.879456 -1.968277 8.284882 -0.542023 -2.086426 7.305984 -0.226883 -2.143768 -2.758530 -0.284134 -2.136917 -23.453720 0.811295 2.000336 0.604797 0.779633 2.012909 16.356750 14.530533 5.451828 124.298218 79.887726 142.862274 -46.350876 63.833878 -12.524521 -8.802277 -7.706909 -14.039230 41.930908 -36.836441 -151.256119 12.825317 37.493683 80.396210 37.909027 -7.517349 2.303558 10.062927 -0.026459 0.007675 0.000000 6.000000 8.000000 26.768509 0.738815 -2.688187 47.947052 -3.490692 -8.527130 19.717224 -2.702362 -4.924545 -5.000000 -1.000015 0.800003 99.877502 -17.385498 -22.284805 126.378723 -0.789032 -35.415375 74.308884 -5.433670 -24.822601 0.000000 -12.000000 -2.000000 86.397278 -15.226395 -12.617569 132.733826 -4.029922 -28.117386 73.773895 -8.584091 -14.963242 12.000000 -20.000000 -10.000000 92.359161 -15.939972 -12.378860 107.172638 -16.127014 -14.095901 56.513611 -12.743103 -4.093002 -22.194122 78.904266 172.835541 -84.093056 43.600296 -10.031769 -92.801483 20.613098 0.878922 12.959778 -7.805756 -125.297043 37.068466 23.595169 86.267426 20.109253 -0.061737 0.032059 10.177124 -0.109238 0.030853 0.000000 6.000000 8.000015 81.116577 -18.659164 -18.219803 79.126740 -11.907761 -30.663986 39.015976 -9.885620 -17.945511 -5.000000 -1.000015 0.800034 60.913864 -18.378494 -10.961761 77.676117 -14.240753 -27.836914 41.282883 -11.214310 -18.264374 0.000000 -12.000000 -2.000000 92.434235 -23.577423 -25.648270 131.922516 -3.341629 -45.501587 75.231415 -11.102356 -27.609955 12.000000 -20.000000 -10.000000 90.454224 -22.562912 -23.326050 105.965424 -18.352509 -27.946091 55.165070 -16.133087 -12.508835 -7.980789 3.014496 -1.505035 -2.141968 0.011993 -0.118378 -1.565018 1.213760 11.022888 -89.999996 0.000000 0.000000 172.115051 1.677887 1.204788 -4.796371 -0.000977 -0.024185 0.844879 0.868668 8.925186 -89.999996 0.000000 0.000000 
0.002105 102.000221 0.021083 90.849823 5.135315 -84.598999 -11.553574 -0.526703 -0.931656 6.119278 -0.818176 -1.977966 8.299255 -0.479980 -2.085861 7.320343 -0.165604 -2.134018 -2.744171 -0.222626 -2.128799 -23.536102 0.581406 1.991089 0.522369 0.549927 2.000015 16.191956 13.579117 5.254700 123.660919 80.009949 142.325104 -46.274033 63.566742 -12.861359 -8.951721 -8.274521 -14.182510 42.415497 -36.941940 -152.031036 12.825317 37.493683 80.396179 37.902725 -7.515198 2.302399 10.024612 -0.010208 0.003418 0.000000 6.000000 8.000000 27.239670 0.594925 -2.743408 48.958328 -3.645157 -8.886017 20.365417 -2.820374 -5.173126 -5.000000 -1.000015 0.800003 99.879608 -17.387833 -22.262100 126.378723 -0.789032 -35.415375 74.308884 -5.433670 -24.822601 0.000000 -12.000000 -2.000000 86.912903 -15.274857 -12.834808 133.438599 -3.843826 -28.245560 74.311539 -8.560562 -15.096848 12.000000 -20.000000 -10.000000 92.471741 -15.937210 -12.428543 107.163147 -16.127197 -14.093781 56.506897 -12.742004 -4.091934 -22.535767 78.562256 172.579529 -84.050804 43.477631 -9.948944 -92.768692 20.528229 0.911011 13.050278 -8.124191 -125.528214 37.069733 23.598251 86.255280 20.372238 -0.218079 0.097275 10.555359 -0.348892 0.078400 0.000000 6.000000 8.000015 82.562653 -18.907959 -18.616974 79.681152 -11.872574 -30.980942 39.367065 -9.928680 -18.153961 -5.000000 -1.000015 0.800034 61.141907 -18.464783 -11.060684 77.728668 -14.239075 -27.869110 41.316498 -11.217590 -18.284485 0.000000 -12.000000 -2.000000 92.434265 -23.577423 -25.648285 131.921234 -3.342194 -45.501205 75.230469 -11.102463 -27.609558 12.000000 -20.000000 -10.000000 90.454376 -22.562912 -23.326141 105.965424 -18.352509 -27.946091 55.165070 -16.133087 -12.508835 -8.025940 3.002396 -1.279922 -2.161087 0.011978 -0.116425 -1.493454 1.222839 11.142502 -89.999996 0.000000 0.000000 172.123230 1.688339 0.970947 -4.835709 -0.000961 -0.023697 0.818130 0.884842 8.806793 -89.999996 0.000000 0.000000 
0.002088 102.000221 0.021154 90.789062 5.177017 -84.944885 -11.546570 -0.493027 -0.943039 6.132599 -0.748444 -1.992355 8.312424 -0.408844 -2.088547 7.333481 -0.094849 -2.126129 -2.731033 -0.151688 -2.122803 -23.615570 0.332840 1.982651 0.442871 0.301514 1.987671 16.000793 12.558121 5.050858 122.913605 80.164368 141.681641 -46.246552 63.327576 -13.197891 -9.087799 -8.746979 -14.330994 42.804016 -37.005646 -152.721832 12.825317 37.493683 80.396179 38.187592 -7.642212 2.314682 10.059723 -0.025055 0.007446 0.000000 6.000000 8.000000 27.538361 0.420288 -2.816269 49.674026 -3.753357 -9.139511 20.823410 -2.903290 -5.348770 -5.000000 -1.000015 0.800003 99.882904 -17.391541 -22.226212 126.378723 -0.789032 -35.415375 74.308868 -5.433670 -24.822586 0.000000 -12.000000 -2.000000 87.355377 -15.314209 -13.021790 134.021606 -3.688400 -28.349777 74.756775 -8.540054 -15.207306 12.000000 -20.000000 -10.000000 92.435089 -15.937317 -12.412140 107.158234 -16.127289 -14.092682 56.503387 -12.741425 -4.091385 -22.900284 78.191437 172.315582 -83.985451 43.415192 -9.847137 -92.711700 20.472794 0.942154 13.150803 -8.371979 -125.715637 37.052902 23.620590 86.207764 20.848068 -0.504944 0.209259 11.208847 -0.765686 0.152115 0.000000 6.000000 8.000015 83.860779 -19.127960 -18.978470 80.351044 -11.823883 -31.364929 39.793671 -9.978241 -18.408066 -5.000000 -1.000015 0.800034 61.147461 -18.466507 -11.062256 77.493439 -14.236725 -27.734207 41.162750 -11.197556 -18.196564 0.000000 -12.000000 -2.000000 92.434265 -23.577423 -25.648285 131.920746 -3.342407 -45.501053 75.230072 -11.102524 -27.609390 12.000000 -20.000000 -10.000000 90.454407 -22.562912 -23.326172 105.965424 -18.352509 -27.946091 55.165070 -16.133087 -12.508835 -8.070496 2.986816 -1.062332 -2.190125 0.011902 -0.114166 -1.415497 1.231400 11.267059 -89.999996 0.000000 0.000000 172.128082 1.703140 0.723022 -4.877899 -0.000946 -0.022980 0.794998 0.906601 8.701874 -89.999996 0.000000 0.000000 
0.002045 102.000214 0.021203 90.725861 5.223480 -85.291634 -11.540359 -0.455368 -0.956924 6.144302 -0.670166 -2.010742 8.323929 -0.328613 -2.093765 7.344971 -0.014740 -2.119385 -2.719559 -0.071426 -2.118195 -23.690277 0.067719 1.973511 0.368149 0.036560 1.974350 15.783722 11.474533 4.839203 122.071289 80.345764 140.947449 -46.283310 63.130112 -13.544815 -9.203247 -9.116791 -14.475037 43.094025 -37.045959 -153.331680 12.825317 37.493683 80.396210 38.755737 -7.894531 2.339188 10.181564 -0.076691 0.021057 0.000000 6.000000 8.000000 27.645737 0.219925 -2.904709 50.043839 -3.809296 -9.269913 21.059097 -2.945999 -5.439041 -5.000000 -1.000015 0.800003 99.887390 -17.396530 -22.177750 126.378723 -0.789017 -35.415375 74.308868 -5.433670 -24.822586 0.000000 -12.000000 -2.000000 87.741791 -15.346588 -13.185745 134.495880 -3.560776 -28.433548 75.119400 -8.522537 -15.297272 12.000000 -20.000000 -10.000000 92.283173 -15.939972 -12.344635 107.156219 -16.127335 -14.092224 56.501923 -12.741180 -4.091156 -23.284409 77.798401 172.045166 -83.894928 43.416153 -9.717377 -92.629944 20.445953 0.969193 13.254562 -8.545197 -125.859261 37.005661 23.671814 86.114349 21.585968 -0.953979 0.376373 12.188477 -1.392960 0.253250 0.000000 6.000000 8.000015 85.041412 -19.325989 -19.313248 81.159271 -11.758072 -31.827972 40.311050 -10.035248 -18.716736 -5.000000 -1.000015 0.800034 60.945236 -18.389206 -10.973038 76.982971 -14.232422 -27.439026 40.829971 -11.154709 -18.005371 0.000000 -12.000000 -2.000000 92.434265 -23.577423 -25.648285 131.920746 -3.342407 -45.501053 75.230057 -11.102524 -27.609390 12.000000 -20.000000 -10.000000 90.454407 -22.562912 -23.326172 105.965424 -18.352509 -27.946091 55.165070 -16.133087 -12.508835 -8.114563 2.967667 -0.852859 -2.228439 0.011780 -0.111633 -1.330978 1.238907 11.400513 -89.999996 0.000000 0.000000 172.129883 1.722244 0.463959 -4.922379 -0.000931 -0.022034 0.774872 0.934082 8.604752 -89.999996 0.000000 0.000000 
0.001987 102.000214 0.021234 90.658630 5.273911 -85.645370 -11.535065 -0.413971 -0.972504 6.154037 -0.584106 -2.031570 8.333496 -0.240280 -2.100098 7.354507 0.073563 -2.112549 -2.710022 0.017029 -2.113724 -23.757706 -0.208710 1.961166 0.300735 -0.239624 1.957642 15.539963 10.336899 4.618027 121.168121 80.544769 140.157715 -46.403854 62.989380 -13.921646 -9.287643 -9.379944 -14.606644 43.299164 -37.078781 -153.878693 12.825317 37.493683 80.396210 39.568130 -8.254135 2.372849 10.405731 -0.171829 0.045654 0.000000 6.000000 8.000000 27.559143 0.004608 -3.003387 50.041428 -3.810425 -9.267593 21.055878 -2.946106 -5.437378 -5.000000 -1.000015 0.800003 99.892761 -17.402542 -22.119537 126.378723 -0.789017 -35.415375 74.308868 -5.433670 -24.822586 0.000000 -12.000000 -2.000000 88.097260 -15.374756 -13.337143 134.883728 -3.455658 -28.501465 75.416336 -8.507675 -15.370972 12.000000 -20.000000 -10.000000 92.072052 -15.944305 -12.250793 107.156311 -16.127335 -14.092239 56.501984 -12.741196 -4.091156 -23.681595 77.395660 171.771210 -83.779129 43.477997 -9.550583 -92.524864 20.442215 0.991196 13.351593 -8.641891 -125.961304 36.909683 23.763657 85.968445 22.629898 -1.594391 0.603546 13.523590 -2.249664 0.378616 0.000000 6.000000 8.000015 86.140442 -19.508316 -19.629410 82.116180 -11.672195 -32.374222 40.926636 -10.099640 -19.084091 -5.000000 -1.000015 0.800034 60.579987 -18.249649 -10.812592 76.247131 -14.224442 -27.012131 40.350906 -11.092361 -17.729721 0.000000 -12.000000 -2.000000 92.434265 -23.577423 -25.648285 131.921417 -3.342117 -45.501251 75.230698 -11.102432 -27.609650 12.000000 -20.000000 -10.000000 90.454407 -22.562912 -23.326172 105.965424 -18.352509 -27.946091 55.165070 -16.133087 -12.508835 -8.158066 2.944946 -0.649979 -2.274536 0.011612 -0.108856 -1.240189 1.244843 11.548080 -89.999996 0.000000 0.000000 172.129730 1.745407 0.198730 -4.968063 -0.000885 -0.020889 0.756210 0.967117 8.504959 -89.999996 0.000000 0.000000 
0.001912 102.000198 0.021234 90.584961 5.326965 -86.017166 -11.530655 -0.369385 -0.988739 6.161987 -0.491577 -2.052887 8.341263 -0.145508 -2.105850 7.362305 0.168137 -2.104187 -2.702255 0.111786 -2.107895 -23.815796 -0.489304 1.943909 0.242691 -0.519897 1.935974 15.263565 9.146271 4.387543 120.242920 80.753265 139.351990 -46.621414 62.916916 -14.351852 -9.333527 -9.545227 -14.729218 43.456818 -37.095032 -154.402405 12.825317 37.493683 80.396210 40.561478 -8.692566 2.411011 10.735855 -0.312073 0.081360 0.000000 6.000000 8.000000 27.307678 -0.209961 -3.103943 49.705322 -3.762833 -9.146301 20.838806 -2.908295 -5.353394 -5.000000 -1.000015 0.800003 99.898590 -17.409027 -22.056686 126.378723 -0.789017 -35.415375 74.308868 -5.433670 -24.822586 0.000000 -12.000000 -2.000000 88.438904 -15.400421 -13.483124 135.201355 -3.369049 -28.556808 75.659943 -8.495132 -15.431503 12.000000 -20.000000 -10.000000 91.853119 -15.948975 -12.153442 107.156372 -16.127335 -14.092255 56.501999 -12.741196 -4.091156 -24.085571 76.998901 171.494781 -83.643265 43.589554 -9.347275 -92.401657 20.450760 1.008804 13.431519 -8.665970 -126.027870 36.742157 23.907745 85.775269 23.996658 -2.440842 0.884979 15.182068 -3.315048 0.517670 0.000000 6.000000 8.000015 87.131714 -19.671936 -19.918442 83.204315 -11.565796 -32.992233 41.629410 -10.169357 -19.503265 -5.000000 -1.000015 0.800034 60.094620 -18.063065 -10.600739 75.338486 -14.209290 -26.484848 39.760025 -11.013199 -17.389984 0.000000 -12.000000 -2.000000 92.434265 -23.577423 -25.648285 131.922180 -3.341782 -45.501495 75.231415 -11.102356 -27.609955 12.000000 -20.000000 -10.000000 90.454407 -22.562912 -23.326172 105.965424 -18.352509 -27.946091 55.165070 -16.133087 -12.508835 -8.201019 2.918304 -0.448486 -2.325684 0.011398 -0.105927 -1.144180 1.248886 11.715973 -89.999996 0.000000 0.000000 172.129547 1.772659 -0.068604 -5.013306 -0.000839 -0.019684 0.735809 1.005264 8.388016 -89.999996 0.000000 0.000000 
0.001824 102.000191 0.021189 90.503265 5.381393 -86.415680 -11.526947 -0.322205 -1.004776 6.168427 -0.393936 -2.073196 8.347580 -0.045868 -2.109772 7.368652 0.267273 -2.093292 -2.695923 0.211166 -2.099640 -23.863708 -0.768356 1.920944 0.194839 -0.798553 1.908600 14.952591 7.902954 4.148987 119.322266 80.966003 138.557404 -46.943695 62.916718 -14.853531 -9.334839 -9.622742 -14.849884 43.602097 -37.083496 -154.936127 12.825317 37.493683 80.396210 41.676514 -9.182938 2.449783 11.167297 -0.495514 0.127426 0.000000 6.000000 8.000000 26.926758 -0.410370 -3.199112 49.092010 -3.674530 -8.925964 20.444412 -2.838928 -5.201080 -5.000000 -1.000015 0.800003 99.904388 -17.415543 -21.993652 126.378723 -0.789017 -35.415375 74.308868 -5.433670 -24.822586 0.000000 -12.000000 -2.000000 88.777618 -15.424622 -13.628204 135.461700 -3.297684 -28.602005 75.860138 -8.484558 -15.481339 12.000000 -20.000000 -10.000000 91.664703 -15.953079 -12.069565 107.156372 -16.127335 -14.092255 56.502014 -12.741196 -4.091156 -24.492142 76.619476 171.215881 -83.493065 43.738129 -9.112564 -92.265930 20.464035 1.022064 13.487411 -8.625977 -126.066620 36.487640 24.109955 85.544739 25.678406 -3.490433 1.210922 17.108826 -4.551758 0.659912 0.000000 6.000000 8.000015 87.981049 -19.812576 -20.169815 84.393646 -11.440125 -33.663177 42.400146 -10.241791 -19.962418 -5.000000 -1.000015 0.800034 59.530411 -17.844254 -10.356049 74.308395 -14.184296 -25.887344 39.091141 -10.920212 -17.005951 0.000000 -12.000000 -2.000000 92.434265 -23.577423 -25.648285 131.922760 -3.341522 -45.501678 75.231842 -11.102295 -27.610138 12.000000 -20.000000 -10.000000 90.454407 -22.562912 -23.326172 105.965424 -18.352509 -27.946091 55.165070 -16.133087 -12.508835 -8.243607 2.887589 -0.243423 -2.379288 0.011154 -0.102936 -1.044205 1.251022 11.908066 -89.999996 0.000000 0.000000 172.130890 1.803879 -0.335205 -5.056763 -0.000778 -0.018463 0.711044 1.047836 8.242905 -89.999996 0.000000 0.000000 
0.001725 102.000183 0.021110 90.412048 5.435471 -86.850243 -11.523758 -0.273361 -1.019867 6.173859 -0.293228 -2.091187 8.352890 0.056442 -2.110886 7.374039 0.368607 -2.079224 -2.690552 0.312851 -2.088303 -23.900970 -1.038345 1.892197 0.157684 -1.068054 1.875595 14.606522 6.609360 3.906174 118.433716 81.177460 137.801788 -47.370605 62.988556 -15.441330 -9.288528 -9.631470 -14.985855 43.781357 -37.027328 -155.524628 12.825317 37.493683 80.396210 42.829514 -9.688080 2.484451 11.677750 -0.712708 0.181335 0.000000 6.000000 8.000000 26.471222 -0.580078 -3.280014 48.297119 -3.558884 -8.640411 19.934372 -2.748718 -5.004181 -5.000000 -1.000015 0.800003 99.909698 -17.421463 -21.936356 126.378723 -0.789017 -35.415375 74.308868 -5.433670 -24.822586 0.000000 -12.000000 -2.000000 89.120300 -15.448227 -13.774994 135.679688 -3.237793 -28.639694 76.028381 -8.475540 -15.523239 12.000000 -20.000000 -10.000000 91.546234 -15.955795 -12.016724 107.156372 -16.127335 -14.092255 56.502014 -12.741196 -4.091156 -24.894287 76.271179 170.936920 -83.338448 43.904007 -8.859390 -92.126244 20.472107 1.033356 13.513565 -8.537582 -126.089249 36.132736 24.372955 85.294861 27.638489 -4.722641 1.562424 19.200851 -5.891861 0.790497 0.000000 6.000000 8.000015 88.613342 -19.919388 -20.360977 85.632538 -11.299072 -34.356918 43.205612 -10.313065 -20.441605 -5.000000 -1.000015 0.800034 58.928574 -17.607880 -10.097290 73.208618 -14.146149 -25.250397 38.378189 -10.816116 -16.597626 0.000000 -12.000000 -2.000000 92.434265 -23.577423 -25.648285 131.922211 -3.341766 -45.501495 75.231018 -11.102402 -27.609787 12.000000 -20.000000 -10.000000 90.454376 -22.562912 -23.326157 105.965424 -18.352509 -27.946091 55.165070 -16.133087 -12.508835 -8.285919 2.852997 -0.028900 -2.431839 0.010895 -0.099976 -0.942047 1.251648 12.127747 -89.999996 0.000000 0.000000 172.135895 1.838577 -0.598312 -5.096939 -0.000732 -0.017349 0.678925 1.093613 8.058273 -89.999996 0.000000 0.000000 
0.001612 102.000175 0.020974 90.310516 5.487137 -87.329018 -11.520752 -0.223724 -1.033630 6.178864 -0.191269 -2.106369 8.357834 0.159500 -2.109055 7.379105 0.470261 -2.062119 -2.685532 0.414917 -2.073914 -23.928574 -1.292953 1.859100 0.130188 -1.322098 1.838470 14.228806 5.269989 3.666153 117.595093 81.385803 137.102905 -47.877899 63.125259 -16.105240 -9.212265 -9.607162 -15.151093 44.023682 -36.903290 -156.193420 12.825317 37.493683 80.396210 43.952881 -10.178528 2.512161 12.224533 -0.945419 0.238525 0.000000 6.000000 8.000000 25.992981 -0.707062 -3.340454 47.421875 -3.429840 -8.325912 19.373779 -2.648834 -4.787827 -5.000000 -1.000015 0.800003 99.914032 -17.426331 -21.889359 126.378723 -0.789017 -35.415375 74.308868 -5.433670 -24.822586 0.000000 -12.000000 -2.000000 89.455017 -15.470581 -13.918304 135.857910 -3.188751 -28.670380 76.166473 -8.468079 -15.557617 12.000000 -20.000000 -10.000000 91.503632 -15.956955 -11.997589 107.156372 -16.127335 -14.092255 56.502029 -12.741196 -4.091171 -25.292480 75.962585 170.654510 -83.188942 44.068085 -8.605820 -91.995476 20.464752 1.043457 13.513016 -8.423172 -126.100098 35.678177 24.690857 85.047394 29.805588 -6.093964 1.915482 21.326996 -7.249939 0.897232 0.000000 6.000000 8.000015 88.916595 -19.975220 -20.459595 86.863739 -11.147980 -35.041519 44.008286 -10.379272 -20.918655 -5.000000 -1.000015 0.800034 58.301117 -17.357452 -9.830643 72.057648 -14.091644 -24.585739 37.633316 -10.701019 -16.172562 0.000000 -12.000000 -2.000000 92.434235 -23.577423 -25.648270 131.918365 -3.343445 -45.500320 75.227036 -11.102905 -27.608124 12.000000 -20.000000 -10.000000 90.454437 -22.562912 -23.326187 105.965424 -18.352509 -27.946091 55.165070 -16.133087 -12.508835 -8.327896 2.814728 0.200500 -2.479736 0.010635 -0.097153 -0.839767 1.251877 12.377167 -89.999996 0.000000 0.000000 172.146576 1.876465 -0.858963 -5.132141 -0.000717 -0.016464 0.636536 1.141556 7.827209 -89.999996 0.000000 0.000000 
0.001477 102.000183 0.020777 90.198761 5.534988 -87.855560 -11.517746 -0.173782 -1.046021 6.183868 -0.089096 -2.118744 8.362823 0.262314 -2.104385 7.384247 0.571243 -2.042252 -2.680420 0.516403 -2.056763 -23.948242 -1.529022 1.823608 0.110657 -1.557587 1.799271 13.825775 3.891052 3.435547 116.805756 81.592316 136.459778 -48.442764 63.318100 -16.832718 -9.122406 -9.580414 -15.356400 44.338242 -36.701416 -156.946442 12.825317 37.493683 80.396210 45.004227 -10.636200 2.531754 12.765900 -1.175903 0.294739 0.000000 6.000000 8.000000 25.527512 -0.785721 -3.377625 46.539734 -3.297607 -8.008911 18.809860 -2.547455 -4.570328 -5.000000 -1.000015 0.800003 99.917236 -17.429886 -21.854919 126.378723 -0.789017 -35.415375 74.308868 -5.433670 -24.822601 0.000000 -12.000000 -2.000000 89.767700 -15.490891 -14.052032 135.997375 -3.150314 -28.694290 76.275085 -8.462143 -15.584641 12.000000 -20.000000 -10.000000 91.527527 -15.956833 -12.008087 107.156372 -16.127319 -14.092255 56.502029 -12.741196 -4.091171 -25.689926 75.695160 170.364349 -83.051094 44.216370 -8.364487 -91.882965 20.435715 1.054794 13.491394 -8.302765 -126.103546 35.131393 25.055344 84.816864 32.114471 -7.561600 2.250870 23.385315 -8.559692 0.973007 0.000000 6.000000 8.000015 88.806396 -19.966019 -20.440628 88.047974 -10.991592 -35.695709 44.782486 -10.438217 -21.378448 -5.000000 -1.000015 0.800034 57.644699 -17.090958 -9.555206 70.854095 -14.018646 -23.892792 36.855835 -10.573914 -15.730530 0.000000 -12.000000 -2.000000 92.434174 -23.577423 -25.648224 131.909454 -3.347351 -45.497604 75.218369 -11.103973 -27.604492 12.000000 -20.000000 -10.000000 90.454681 -22.562897 -23.326340 105.965424 -18.352509 -27.946091 55.165070 -16.133087 -12.508835 -8.369583 2.773270 0.448151 -2.520432 0.010361 -0.094528 -0.739227 1.252762 12.655930 -89.999996 0.000000 0.000000 172.164215 1.917053 -1.119751 -5.161377 -0.000732 -0.015869 0.582382 1.190765 7.548752 -89.999996 0.000000 0.000000 
0.001327 102.000206 0.020539 90.077545 5.577347 -88.431190 -11.514465 -0.124268 -1.057037 6.189423 0.011948 -2.128494 8.368423 0.363586 -2.097321 7.390045 0.670349 -2.020248 -2.674667 0.616058 -2.037415 -23.963181 -1.743958 1.788666 0.095856 -1.771942 1.760925 13.408646 2.487564 3.222977 116.063873 81.796661 135.870148 -49.021149 63.551407 -17.592499 -9.053467 -9.601807 -15.602905 44.721954 -36.416931 -157.774017 12.825317 37.493683 80.396210 45.947098 -11.045731 2.542648 13.244568 -1.379700 0.344162 0.000000 6.000000 8.000000 25.111053 -0.813644 -3.390488 45.730682 -3.173782 -7.718353 18.293732 -2.453552 -4.371475 -5.000000 -1.000015 0.800003 99.919128 -17.432007 -21.834427 126.378723 -0.789017 -35.415375 74.308868 -5.433670 -24.822601 0.000000 -12.000000 -2.000000 90.036987 -15.508057 -14.166962 136.102417 -3.121353 -28.712204 76.357330 -8.457642 -15.605087 12.000000 -20.000000 -10.000000 91.593750 -15.955917 -12.037445 107.156372 -16.127319 -14.092255 56.502029 -12.741196 -4.091171 -26.092407 75.467804 170.060486 -82.931953 44.333603 -8.149475 -91.801292 20.377121 1.067978 13.459839 -8.206207 -126.101715 34.512772 25.451340 84.617401 34.468140 -9.061661 2.547394 25.259613 -9.746872 1.014236 0.000000 6.000000 8.000015 88.231323 -19.880630 -20.286835 89.148468 -10.835114 -36.300018 45.503860 -10.488159 -21.806778 -5.000000 -1.000015 0.800034 56.959061 -16.807648 -9.271088 69.603928 -13.925949 -23.174545 36.049484 -10.434830 -15.273575 0.000000 -12.000000 -2.000000 92.434326 -23.577423 -25.648315 131.893188 -3.354492 -45.492615 75.203018 -11.105881 -27.598053 12.000000 -20.000000 -10.000000 90.458344 -22.562729 -23.328537 105.965424 -18.352509 -27.946091 55.165070 -16.133087 -12.508835 -8.410812 2.729446 0.716125 -2.551224 0.010086 -0.092178 -0.642532 1.255600 12.962540 -89.999996 0.000000 0.000000 172.189728 1.959671 -1.384598 -5.183304 -0.000793 -0.015640 0.515274 1.240112 7.225449 -89.999996 0.000000 0.000000 
0.001154 102.000237 0.020234 89.947754 5.612808 -89.055092 -11.510941 -0.075592 -1.066544 6.195541 0.110931 -2.135437 8.374603 0.462357 -2.087830 7.396454 0.766617 -1.996216 -2.668304 0.712952 -2.015961 -23.976639 -1.937103 1.756073 0.082520 -1.964554 1.725296 12.991180 1.084732 3.033752 115.367096 81.996277 135.329834 -49.550171 63.805527 -18.328369 -9.071259 -9.742996 -15.865143 45.137573 -36.056488 -158.633087 12.825317 37.493683 80.396210 46.775192 -11.404984 2.546143 13.617233 -1.538330 0.382584 0.000000 6.000000 8.000000 24.759689 -0.797836 -3.382812 45.036743 -3.065231 -7.469528 17.851624 -2.372101 -4.201431 -5.000000 -1.000015 0.800003 99.919861 -17.432846 -21.826370 126.378723 -0.789017 -35.415375 74.308884 -5.433670 -24.822601 0.000000 -12.000000 -2.000000 90.250549 -15.521469 -14.257889 136.174194 -3.101547 -28.724396 76.413910 -8.454529 -15.619125 12.000000 -20.000000 -10.000000 91.670288 -15.954803 -12.071426 107.156372 -16.127319 -14.092255 56.502029 -12.741196 -4.091171 -26.515594 75.273315 169.728882 -82.830551 44.414413 -7.972534 -91.766716 20.279419 1.082779 13.432327 -8.159058 -126.088158 33.859055 25.857162 84.453308 36.760696 -10.523544 2.792862 26.874786 -10.764847 1.025391 0.000000 6.000000 8.000015 87.237732 -19.723801 -20.009598 90.158813 -10.680618 -36.852615 46.167740 -10.529205 -22.201263 -5.000000 -1.000015 0.800034 56.239563 -16.505646 -8.976044 68.313095 -13.814819 -22.433517 35.217636 -10.284790 -14.803268 0.000000 -12.000000 -2.000000 92.435577 -23.577454 -25.649048 131.866730 -3.366104 -45.484512 75.178879 -11.108871 -27.587936 12.000000 -20.000000 -10.000000 90.465881 -22.562439 -23.333038 105.965424 -18.352509 -27.946091 55.165070 -16.133087 -12.508835 -8.451324 2.683899 1.003876 -2.570374 0.009827 -0.090134 -0.551010 1.261429 13.295959 -89.999996 0.000000 0.000000 172.223511 2.003952 -1.658783 -5.196518 -0.000916 -0.015839 0.434738 1.289169 6.863342 -89.999996 0.000000 0.000000 
0.000959 102.000290 0.019864 89.810181 5.640610 -89.724754 -11.507187 -0.027893 -1.074448 6.202118 0.207611 -2.139435 8.381302 0.558365 -2.075821 7.403412 0.859787 -1.970108 -2.661407 0.806778 -1.992355 -23.991241 -2.109528 1.726639 0.068024 -2.136505 1.693130 12.583405 -0.298798 2.869492 114.710999 82.188568 134.832886 -49.980698 64.065308 -18.995071 -9.226868 -10.058105 -16.115921 45.550858 -35.632782 -159.485123 12.825317 37.493683 80.396210 47.494690 -11.716995 2.543732 13.862137 -1.642456 0.407990 0.000000 6.000000 8.000000 24.477203 -0.747101 -3.359070 44.475082 -2.975388 -7.268692 17.493896 -2.305313 -4.064148 -5.000000 -1.000015 0.800003 99.919678 -17.432632 -21.828461 126.378723 -0.789017 -35.415375 74.308884 -5.433670 -24.822601 0.000000 -12.000000 -2.000000 90.405579 -15.531128 -14.323654 136.216858 -3.089767 -28.731613 76.447845 -8.452652 -15.627548 12.000000 -20.000000 -10.000000 91.734955 -15.953903 -12.100143 107.156372 -16.127319 -14.092255 56.502029 -12.741196 -4.091171 -26.969269 75.103073 169.361511 -82.743759 44.458908 -7.839523 -91.789467 20.137695 1.098511 13.417953 -8.177032 -126.055901 33.201157 26.255783 84.323151 38.916718 -11.896332 2.983215 28.201630 -11.597260 1.013229 0.000000 6.000000 8.000015 85.924072 -19.508163 -19.634949 91.086639 -10.528427 -37.359131 46.778610 -10.562271 -22.564865 -5.000000 -1.000015 0.800034 55.491119 -16.186935 -8.671570 66.997833 -13.687531 -21.677811 34.370575 -10.126144 -14.324921 0.000000 -12.000000 -2.000000 92.439362 -23.577576 -25.651291 131.828430 -3.382904 -45.472763 75.144852 -11.113083 -27.573654 12.000000 -20.000000 -10.000000 90.479004 -22.562042 -23.340820 105.965393 -18.352509 -27.946075 55.165039 -16.133087 -12.508835 -8.491013 2.637054 1.309341 -2.577026 0.009567 -0.088425 -0.465042 1.270767 13.655273 -89.999996 0.000000 0.000000 172.265320 2.049683 -1.945023 -5.200104 -0.001099 -0.016464 0.340729 1.337524 6.467682 -89.999996 0.000000 0.000000 
0.000755 102.000351 0.019451 89.666168 5.660263 -90.434090 -11.503433 0.018524 -1.080368 6.208740 0.301254 -2.139832 8.388077 0.650787 -2.060760 7.410477 0.948959 -1.941498 -2.654404 0.896683 -1.966141 -24.009583 -2.263031 1.699814 0.049789 -2.289551 1.663879 12.198166 -1.636200 2.728012 114.101685 82.368256 134.381683 -50.253387 64.308640 -19.534805 -9.583160 -10.607529 -16.312943 45.915909 -35.165207 -160.280914 12.825317 37.493683 80.396210 48.109650 -11.983566 2.537628 13.975433 -1.690445 0.420181 0.000000 6.000000 8.000000 24.266571 -0.675140 -3.325836 44.058868 -2.907425 -7.120331 17.228271 -2.255096 -3.962448 -5.000000 -1.000015 0.800003 99.918854 -17.431702 -21.837494 126.378723 -0.789017 -35.415375 74.308884 -5.433670 -24.822601 0.000000 -12.000000 -2.000000 90.517151 -15.537979 -14.370956 136.238251 -3.083847 -28.735214 76.465057 -8.451691 -15.631821 12.000000 -20.000000 -10.000000 91.772339 -15.953461 -12.116730 107.156372 -16.127319 -14.092255 56.502029 -12.741196 -4.091171 -27.466278 74.945724 168.947235 -82.665337 44.470627 -7.754181 -91.880745 19.944122 1.113892 13.427322 -8.273788 -125.995735 32.582443 26.624023 84.222137 40.843338 -13.118576 3.119476 29.226639 -12.237411 0.987930 0.000000 6.000000 8.000015 84.464417 -19.260147 -19.211456 91.950378 -10.377304 -37.830124 47.348236 -10.588760 -22.904587 -5.000000 -1.000015 0.800034 54.731323 -15.859131 -8.364334 65.693970 -13.548889 -20.927139 33.530853 -9.963760 -13.850876 0.000000 -12.000000 -2.000000 92.447845 -23.577850 -25.656281 131.776764 -3.405518 -45.456909 75.100174 -11.118591 -27.554901 12.000000 -20.000000 -10.000000 90.492889 -22.561951 -23.349014 105.965332 -18.352524 -27.946060 55.165024 -16.133072 -12.508835 -8.529587 2.589447 1.629150 -2.571167 0.009308 -0.087051 -0.384872 1.283813 14.037537 -89.999996 0.000000 0.000000 172.314362 2.096664 -2.245285 -5.193237 -0.001343 -0.017563 0.233826 1.384857 6.046631 -89.999996 0.000000 0.000000 
0.000544 102.000427 0.018973 89.516174 5.671417 -91.177132 -11.500168 0.063019 -1.083466 6.214508 0.390381 -2.135101 8.394043 0.737930 -2.041367 7.416748 1.032257 -1.909393 -2.648209 0.980804 -1.936295 -24.031830 -2.398010 1.671860 0.027634 -2.424088 1.633789 11.844299 -2.896393 2.600052 113.568634 82.524750 134.001068 -50.322083 64.514954 -19.896469 -10.213257 -11.448044 -16.402451 46.178131 -34.680084 -160.964722 12.825317 37.493683 80.396210 48.612045 -12.201324 2.530136 13.989792 -1.696274 0.422409 0.000000 6.000000 8.000000 24.132584 -0.600800 -3.292007 43.792572 -2.863235 -7.025742 17.057266 -2.222458 -3.897110 -5.000000 -1.000015 0.800003 99.917755 -17.430481 -21.849304 126.378723 -0.789017 -35.415375 74.308884 -5.433670 -24.822601 0.000000 -12.000000 -2.000000 90.622925 -15.543961 -14.416214 136.245483 -3.081833 -28.736435 76.471039 -8.451340 -15.633301 12.000000 -20.000000 -10.000000 91.788452 -15.953339 -12.123856 107.156372 -16.127319 -14.092255 56.502029 -12.741196 -4.091171 -28.024002 74.793335 168.469360 -82.575600 44.461029 -7.716553 -92.056679 19.687317 1.126602 13.466705 -8.451523 -125.898460 32.057251 26.933289 84.147217 42.447556 -14.131454 3.209824 29.958084 -12.692703 0.960144 0.000000 6.000000 8.000015 83.072632 -19.015640 -18.800842 92.772705 -10.225159 -38.278137 47.891510 -10.610214 -23.229218 -5.000000 -1.000015 0.800034 53.988388 -15.534470 -8.065811 64.449097 -13.404877 -20.209366 32.728851 -9.803894 -13.398361 0.000000 -12.000000 -2.000000 92.456543 -23.578232 -25.661346 131.712677 -3.433578 -45.437195 75.045990 -11.125275 -27.532150 12.000000 -20.000000 -10.000000 90.483063 -22.563126 -23.343079 105.966705 -18.352371 -27.946564 55.166031 -16.133240 -12.509171 -8.566696 2.541336 1.959183 -2.553207 0.009048 -0.085983 -0.310211 1.299667 14.441147 -89.999996 0.000000 0.000000 172.369751 2.144882 -2.558075 -5.175247 -0.001648 -0.019135 0.114487 1.431137 5.605316 -89.999996 0.000000 0.000000 
0.000349 102.000504 0.018437 89.360474 5.674225 -91.948570 -11.497757 0.105118 -1.083084 6.218597 0.473877 -2.124008 8.398376 0.818451 -2.016647 7.421417 1.108215 -1.873001 -2.643600 1.057709 -1.901932 -24.057343 -2.515198 1.639236 0.002213 -2.540756 1.599319 11.526550 -4.059357 2.476227 113.137817 82.651001 133.712738 -50.164368 64.670471 -20.051727 -11.160233 -12.604980 -16.348892 46.304596 -34.198257 -161.504089 12.825317 37.493683 80.396210 48.993774 -12.366913 2.522781 13.941956 -1.675629 0.418259 0.000000 6.000000 8.000000 24.079742 -0.538254 -3.264069 43.678284 -2.843857 -6.985443 16.982056 -2.207901 -3.868500 -5.000000 -1.000015 0.800003 99.916687 -17.429276 -21.860870 126.378723 -0.789017 -35.415375 74.308868 -5.433670 -24.822601 0.000000 -12.000000 -2.000000 90.759369 -15.550873 -14.475296 136.244598 -3.082062 -28.736298 76.470520 -8.451370 -15.633163 12.000000 -20.000000 -10.000000 91.797333 -15.953232 -12.127808 107.156372 -16.127335 -14.092255 56.502029 -12.741196 -4.091171 -28.652328 74.640793 167.917358 -82.458946 44.440964 -7.726181 -92.326408 19.361221 1.132385 13.536697 -8.705887 -125.759598 31.664032 27.164307 84.096283 43.673050 -14.901962 3.263504 30.415817 -12.977127 0.936920 0.000000 6.000000 8.000015 81.902252 -18.803268 -18.449585 93.569702 -10.070267 -38.711548 48.418884 -10.627609 -23.544785 -5.000000 -1.000015 0.800034 53.284195 -15.222778 -7.785019 63.297882 -13.260544 -19.545578 31.986771 -9.651321 -12.980240 0.000000 -12.000000 -2.000000 92.462952 -23.578812 -25.664917 131.638123 -3.466187 -45.414215 74.984283 -11.132858 -27.506226 12.000000 -20.000000 -10.000000 90.428162 -22.566513 -23.310379 105.971985 -18.351776 -27.948517 55.169815 -16.133820 -12.510422 -8.602310 2.492767 2.295990 -2.523819 0.008774 -0.085236 -0.240479 1.317108 14.864716 -89.999996 0.000000 0.000000 172.430634 2.194458 -2.880722 -5.146118 -0.001984 -0.021164 -0.016632 1.476318 5.146790 -89.999996 0.000000 0.000000 
0.000178 102.000595 0.017870 89.199860 5.669510 -92.739586 -11.496735 0.144119 -1.078690 6.220062 0.550247 -2.105728 8.400116 0.890747 -1.986008 7.423508 1.175171 -1.831970 -2.641586 1.125732 -1.862717 -24.084061 -2.615829 1.597687 -0.024445 -2.640732 1.556168 11.245422 -5.103561 2.344711 112.833496 82.738861 133.536438 -49.772629 64.760025 -19.980896 -12.462662 -14.089081 -16.121902 46.264160 -33.747452 -161.872772 12.825317 37.493698 80.396210 49.238785 -12.473328 2.517395 13.885620 -1.651505 0.412933 0.000000 6.000000 8.000000 24.111710 -0.505142 -3.249939 43.717834 -2.850143 -6.999802 17.004089 -2.211960 -3.877029 -5.000000 -1.000015 0.800003 99.916016 -17.428528 -21.868088 126.378723 -0.789017 -35.415375 74.308868 -5.433670 -24.822586 0.000000 -12.000000 -2.000000 90.972504 -15.560730 -14.567963 136.242218 -3.082718 -28.735886 76.468689 -8.451462 -15.632721 12.000000 -20.000000 -10.000000 91.819458 -15.952682 -12.137711 107.156372 -16.127335 -14.092255 56.502029 -12.741196 -4.091171 -29.354248 74.484085 167.288177 -82.293350 44.422684 -7.776337 -92.698280 18.958572 1.129669 13.638458 -9.025650 -125.577156 31.448105 27.292114 84.070282 44.464996 -15.397079 3.292313 30.626770 -13.107910 0.925323 0.000000 6.000000 8.000015 81.113129 -18.653915 -18.206314 94.356476 -9.911362 -39.137604 48.940399 -10.642044 -23.856873 -5.000000 -1.000015 0.800034 52.639236 -14.933594 -7.530151 62.268570 -13.121201 -18.952805 31.322845 -9.510498 -12.606949 0.000000 -12.000000 -2.000000 92.457184 -23.579620 -25.661072 131.561066 -3.499969 -45.390350 74.921646 -11.140594 -27.479858 12.000000 -20.000000 -10.000000 90.297272 -22.573578 -23.232407 105.992432 -18.349625 -27.955811 55.184326 -16.136124 -12.515152 -8.636414 2.444214 2.634781 -2.484787 0.008499 -0.084763 -0.174545 1.334656 15.304733 -89.999996 0.000000 0.000000 172.495605 2.245056 -3.208588 -5.106888 -0.002350 -0.023590 -0.157867 1.520233 4.675995 -89.999996 0.000000 0.000000 
0.000059 102.000694 0.017262 89.035645 5.657837 -93.539566 -11.497574 0.179016 -1.069977 6.217911 0.617340 -2.079910 8.398285 0.952667 -1.949463 7.422012 1.230988 -1.786652 -2.643143 1.182739 -1.818893 -24.108261 -2.699005 1.543610 -0.048569 -2.723038 1.500793 10.998154 -6.008255 2.195908 112.675537 82.778442 133.489716 -49.174271 64.778992 -19.701035 -14.161606 -15.904404 -15.688522 46.032440 -33.345459 -162.046158 12.825317 37.493698 80.396210 49.330063 -12.513214 2.514755 13.866531 -1.643463 0.410782 0.000000 6.000000 8.000000 24.244934 -0.518539 -3.257919 43.922119 -2.883530 -7.072830 17.131104 -2.235962 -3.925720 -5.000000 -1.000015 0.800003 99.916107 -17.428619 -21.867264 126.378723 -0.789017 -35.415359 74.308868 -5.433670 -24.822586 0.000000 -12.000000 -2.000000 91.291931 -15.574509 -14.706833 136.240234 -3.083267 -28.735550 76.467163 -8.451553 -15.632339 12.000000 -20.000000 -10.000000 91.876343 -15.951233 -12.163101 107.156372 -16.127335 -14.092255 56.502029 -12.741196 -4.091171 -30.134735 74.327255 166.576538 -82.044975 44.421478 -7.864883 -93.184166 18.475174 1.120544 13.772278 -9.398254 -125.372711 31.438843 27.297501 84.083191 44.789444 -15.598602 3.302780 30.591232 -13.085907 0.926590 0.000000 6.000000 8.000015 80.770325 -18.583649 -18.093552 95.124237 -9.751358 -39.551132 49.450607 -10.653870 -24.162018 -5.000000 -1.000015 0.800034 52.058807 -14.670029 -7.303360 61.363129 -12.989151 -18.433258 30.738251 -9.382431 -12.279373 0.000000 -12.000000 -2.000000 92.404785 -23.579376 -25.629776 131.483765 -3.534119 -45.366165 74.859467 -11.148407 -27.453552 12.000000 -20.000000 -10.000000 90.037109 -22.584564 -23.077682 106.017639 -18.347107 -27.964676 55.202103 -16.139008 -12.520813 -8.668976 2.396774 2.971527 -2.437302 0.008209 -0.084564 -0.112305 1.350388 15.755264 -89.999996 0.000000 0.000000 172.563599 2.295700 -3.535797 -5.058929 -0.002701 -0.026367 -0.306976 1.562698 4.198380 -89.999996 0.000000 0.000000 
0.000038 102.000778 0.016632 88.869080 5.639832 -94.339760 -11.500534 0.209091 -1.057022 6.211670 0.673813 -2.046844 8.392365 1.002914 -1.907532 7.416428 1.274460 -1.737717 -2.648788 1.227493 -1.771149 -24.127213 -2.764542 1.475632 -0.067444 -2.787491 1.431778 10.781357 -6.763016 2.025314 112.669708 82.764801 133.577942 -48.406387 64.728485 -19.242203 -16.279007 -18.036163 -15.028763 45.600555 -33.003342 -162.012695 12.825317 37.493698 80.396210 49.258514 -12.482605 2.515152 13.911560 -1.662979 0.414291 0.000000 6.000000 8.000000 24.490509 -0.589325 -3.293488 44.296829 -2.944412 -7.206711 17.367355 -2.280487 -4.016281 -5.000000 -1.000015 0.800003 99.917145 -17.429810 -21.855774 126.378723 -0.789017 -35.415359 74.308868 -5.433670 -24.822586 0.000000 -12.000000 -2.000000 91.728638 -15.592148 -14.896301 136.238861 -3.083649 -28.735321 76.466125 -8.451614 -15.632080 12.000000 -20.000000 -10.000000 91.978394 -15.948639 -12.208618 107.156372 -16.127335 -14.092255 56.502029 -12.741196 -4.091171 -30.993103 74.174301 165.782562 -81.689781 44.446671 -7.987198 -93.788979 17.911957 1.106903 13.939102 -9.815384 -125.168991 31.647369 27.170670 84.147369 44.642868 -15.505676 3.298065 30.307297 -12.909851 0.939880 0.000000 6.000000 8.000015 80.868103 -18.594711 -18.112091 95.865479 -9.592850 -39.947693 49.944672 -10.663452 -24.457077 -5.000000 -1.000015 0.800034 51.538864 -14.431091 -7.102753 60.569077 -12.864975 -17.980133 30.224899 -9.266327 -11.993027 0.000000 -12.000000 -2.000000 92.278290 -23.577362 -25.555038 131.411499 -3.566681 -45.343216 74.801559 -11.156067 -27.428818 12.000000 -20.000000 -10.000000 89.608521 -22.599136 -22.822784 106.038788 -18.345474 -27.971848 55.216644 -16.141602 -12.525162 -8.700089 2.351440 3.303925 -2.382172 0.007919 -0.084656 -0.054108 1.362915 16.210373 -89.999996 0.000000 0.000000 172.633728 2.345459 -3.858582 -5.003860 -0.003052 -0.029419 -0.461868 1.603806 3.719086 -89.999996 0.000000 0.000000 
0.000094 102.000862 0.015998 88.702454 5.616547 -95.127167 -11.505753 0.233780 -1.040390 6.201080 0.718643 -2.007797 8.382095 1.040680 -1.861618 7.406479 1.304993 -1.686707 -2.658783 1.259399 -1.720963 -24.138214 -2.813278 1.394028 -0.078384 -2.834946 1.349396 10.590485 -7.364059 1.831390 112.799377 82.693542 133.786255 -47.534302 64.617996 -18.664307 -18.832230 -20.450912 -14.117035 44.965363 -32.727783 -161.759201 12.825317 37.493698 80.396210 49.041992 -12.389023 2.518509 14.038055 -1.717499 0.425125 0.000000 6.000000 8.000000 24.862289 -0.730072 -3.363937 44.840958 -3.031647 -7.401230 17.712936 -2.345108 -4.148880 -5.000000 -1.000015 0.800003 99.919495 -17.432434 -21.830429 126.378723 -0.789017 -35.415359 74.308868 -5.433670 -24.822586 0.000000 -12.000000 -2.000000 92.274719 -15.612823 -15.132538 136.238586 -3.083725 -28.735275 76.465881 -8.451630 -15.632019 12.000000 -20.000000 -10.000000 92.128357 -15.944809 -12.275406 107.156372 -16.127335 -14.092255 56.502029 -12.741196 -4.091171 -31.924194 74.031052 164.912048 -81.202019 44.507156 -8.137772 -94.515381 17.279388 1.096390 14.140640 -10.267563 -124.999527 32.065323 26.911240 84.274750 44.053055 -15.134247 3.279846 29.778458 -12.581009 0.962509 0.000000 6.000000 8.000015 81.380951 -18.683685 -18.256195 96.580383 -9.440872 -40.323685 50.422729 -10.673157 -24.740601 -5.000000 -1.000015 0.800034 51.074646 -14.215790 -6.925293 59.867523 -12.749252 -17.581619 29.770706 -9.160995 -11.740616 0.000000 -12.000000 -2.000000 92.038452 -23.572662 -25.413345 131.345245 -3.598450 -45.321030 74.747818 -11.164322 -27.405060 12.000000 -20.000000 -10.000000 88.970520 -22.615356 -22.442734 106.031250 -18.347931 -27.968369 55.210312 -16.141403 -12.522171 -8.729889 2.309616 3.628525 -2.320679 0.007629 -0.085022 -0.000427 1.370956 16.661072 -89.999996 0.000000 0.000000 172.704742 2.392883 -4.171906 -4.943985 -0.003357 -0.032654 -0.619080 1.643692 3.246170 -89.999996 0.000000 0.000000 
0.000284 102.000946 0.015368 88.538635 5.588333 -95.886909 -11.513016 0.252762 -1.020706 6.186493 0.751373 -1.964127 8.367828 1.065750 -1.813141 7.392502 1.322601 -1.635040 -2.672821 1.278381 -1.669785 -24.140472 -2.845306 1.300583 -0.080582 -2.865494 1.255463 10.425690 -7.814148 1.617081 113.030670 82.561218 134.086090 -46.633270 64.469376 -18.049591 -21.857925 -23.107681 -12.906021 44.115814 -32.489929 -161.264374 12.825317 37.493683 80.396210 48.723694 -12.251099 2.523987 14.230652 -1.800400 0.441864 0.000000 6.000000 8.000000 25.368607 -0.945145 -3.473450 45.534546 -3.141022 -7.649490 18.155563 -2.427109 -4.318924 -5.000000 -1.000015 0.800003 99.923218 -17.436661 -21.789719 126.378723 -0.789017 -35.415359 74.308868 -5.433670 -24.822586 0.000000 -12.000000 -2.000000 92.886047 -15.634415 -15.396210 136.238495 -3.083755 -28.735260 76.465820 -8.451630 -15.632004 12.000000 -20.000000 -10.000000 92.310516 -15.940094 -12.356476 107.156342 -16.127335 -14.092255 56.502014 -12.741196 -4.091171 -32.931976 73.903076 163.963623 -80.551010 44.620972 -8.320999 -95.357330 16.591904 1.090469 14.374908 -10.744217 -124.906479 32.653580 26.536697 84.475006 43.074234 -14.516815 3.244629 28.998810 -12.094559 0.989349 0.000000 6.000000 8.000015 82.224854 -18.833878 -18.500702 97.184052 -9.315109 -40.637787 50.827484 -10.682571 -24.979446 -5.000000 -1.000015 0.800034 50.642914 -14.013885 -6.761795 59.218658 -12.637177 -17.214905 29.350113 -9.061218 -11.507782 0.000000 -12.000000 -2.000000 91.607391 -23.558136 -25.161377 131.227478 -3.652863 -45.284698 74.650711 -11.178070 -27.363663 12.000000 -20.000000 -10.000000 88.080139 -22.625778 -21.912460 105.918060 -18.362488 -27.928055 55.128479 -16.129669 -12.494751 -8.758316 2.272736 3.941223 -2.253387 0.007355 -0.085678 0.047699 1.373688 17.096741 -89.999996 0.000000 0.000000 172.775299 2.436493 -4.471161 -4.880951 -0.003632 -0.035934 -0.774902 1.682251 2.789536 -89.999996 0.000000 0.000000 
0.000620 102.001015 0.014780 88.379852 5.555588 -96.608765 -11.522095 0.266296 -0.998550 6.168411 0.772675 -1.916885 8.350067 1.078964 -1.763031 7.374985 1.328217 -1.583527 -2.690369 1.285370 -1.618439 -24.134354 -2.861801 1.197556 -0.074417 -2.880356 1.152191 10.287369 -8.124603 1.386307 113.321289 82.368286 134.440521 -45.762253 64.302963 -17.465820 -25.396759 -25.957458 -11.346954 43.046997 -32.256516 -160.513672 12.825317 37.493683 80.396210 48.353470 -12.090210 2.530716 14.466217 -1.901718 0.462463 0.000000 6.000000 8.000000 26.010284 -1.233963 -3.623520 46.352951 -3.267792 -7.942581 18.679535 -2.523193 -4.520416 -5.000000 -1.000015 0.800003 99.928375 -17.442535 -21.733200 126.378723 -0.789017 -35.415359 74.308868 -5.433670 -24.822586 0.000000 -12.000000 -2.000000 93.518860 -15.655121 -15.668228 136.238464 -3.083755 -28.735245 76.465790 -8.451630 -15.631989 12.000000 -20.000000 -10.000000 92.507507 -15.934875 -12.444046 107.156342 -16.127335 -14.092239 56.501999 -12.741196 -4.091171 -34.018463 73.791275 162.938049 -79.719315 44.800003 -8.541504 -96.304787 15.865005 1.089523 14.637955 -11.237106 -124.918488 33.365814 26.070023 84.749237 41.769012 -13.689590 3.188751 27.973328 -11.451645 1.015686 0.000000 6.000000 8.000015 83.336670 -19.030350 -18.824860 97.608398 -9.233353 -40.859207 51.112045 -10.692169 -25.147064 -5.000000 -1.000015 0.800034 50.225998 -13.817703 -6.605103 58.593719 -12.525284 -16.863251 28.944839 -8.963303 -11.284180 0.000000 -12.000000 -2.000000 90.928406 -23.527328 -24.767105 131.005707 -3.751678 -45.221191 74.466980 -11.202042 -27.287857 12.000000 -20.000000 -10.000000 86.918945 -22.622559 -21.220322 105.632904 -18.396072 -27.828171 54.924118 -16.098846 -12.428131 -8.785477 2.241608 4.239670 -2.180695 0.007080 -0.086639 0.089584 1.370972 17.509552 -89.999996 0.000000 0.000000 172.844421 2.475311 -4.754028 -4.816025 -0.003876 -0.039215 -0.926544 1.719589 2.356644 -89.999996 0.000000 0.000000 
0.001046 102.001083 0.014233 88.228729 5.518906 -97.281174 -11.532455 0.275085 -0.974579 6.147858 0.784103 -1.867218 8.329788 1.082031 -1.712158 7.354919 1.323715 -1.532745 -2.710480 1.282227 -1.567566 -24.121765 -2.864899 1.087708 -0.061798 -2.881729 1.042313 10.178925 -8.319244 1.143906 113.616608 82.118988 134.801697 -44.992432 64.145752 -16.999863 -29.484695 -28.908264 -9.380447 41.770050 -31.975235 -159.512695 12.825317 37.493683 80.396210 48.007446 -11.939209 2.537643 14.713242 -2.007904 0.484131 0.000000 6.000000 8.000000 26.780960 -1.588211 -3.812057 47.258865 -3.405640 -8.266769 19.260834 -2.628769 -4.744080 -5.000000 -1.000015 0.800003 99.934845 -17.449890 -21.662369 126.378723 -0.789017 -35.415359 74.308868 -5.433670 -24.822586 0.000000 -12.000000 -2.000000 94.124969 -15.673203 -15.927795 136.242676 -3.082596 -28.735947 76.469055 -8.451447 -15.632797 12.000000 -20.000000 -10.000000 92.706268 -15.929565 -12.532288 107.159271 -16.127258 -14.092911 56.504227 -12.741547 -4.091522 -35.189011 73.694443 161.833252 -78.697342 45.063309 -8.809464 -97.334244 15.119934 1.092148 14.918625 -11.726624 -125.068283 34.137100 25.545090 85.098816 40.244385 -12.716751 3.110703 26.739761 -10.673721 1.036285 0.000000 6.000000 8.000015 84.588684 -19.247879 -19.189529 97.722321 -9.222366 -40.930527 51.186844 -10.699310 -25.193909 -5.000000 -1.000015 0.800034 49.797897 -13.615967 -6.443909 57.952927 -12.409195 -16.502518 28.529922 -8.862518 -11.055283 0.000000 -12.000000 -2.000000 89.945282 -23.472961 -24.195847 130.613983 -3.926117 -45.109756 74.142776 -11.244003 -27.154373 12.000000 -20.000000 -10.000000 85.500153 -22.600983 -20.370346 105.104309 -18.456268 -27.640656 54.547836 -16.041122 -12.305054 -8.811371 2.216797 4.520691 -2.103622 0.006836 -0.087860 0.125031 1.362869 17.891098 -89.999996 0.000000 0.000000 172.910553 2.508545 -5.017792 -4.750244 -0.004089 -0.042435 -1.071030 1.755127 1.955597 -89.999996 0.000000 0.000000 
0.001592 102.001137 0.013766 88.087646 5.479095 -97.893158 -11.543671 0.279999 -0.948929 6.125687 0.787399 -1.815170 8.307877 1.076691 -1.660278 7.333191 1.310730 -1.482224 -2.732224 1.270599 -1.516724 -24.106613 -2.856003 0.972321 -0.046631 -2.871048 0.927063 10.110352 -8.418182 0.892319 113.871277 81.822174 135.127930 -44.361221 64.027328 -16.706741 -34.128876 -31.835571 -6.978470 40.322098 -31.580002 -158.313202 12.825317 37.493683 80.396210 47.731033 -11.817841 2.543945 14.939819 -2.105270 0.504028 0.000000 6.000000 8.000000 27.639282 -1.983215 -4.026764 48.174698 -3.543518 -8.593628 19.849258 -2.735062 -4.970337 -5.000000 -1.000015 0.800003 99.941986 -17.458206 -21.582214 126.378693 -0.789017 -35.415359 74.308853 -5.433670 -24.822586 0.000000 -12.000000 -2.000000 94.656769 -15.687790 -16.154633 136.254425 -3.079376 -28.737823 76.478119 -8.450958 -15.635010 12.000000 -20.000000 -10.000000 92.888397 -15.925095 -12.612885 107.170380 -16.126984 -14.095322 56.512207 -12.742844 -4.092758 -36.446823 73.607147 160.650330 -77.472366 45.438217 -9.136398 -98.388031 14.368637 1.095856 15.197220 -12.167969 -125.387863 34.893234 25.008484 85.501282 38.632492 -11.681076 3.014557 25.380783 -9.811798 1.048431 0.000000 6.000000 8.000015 85.794189 -19.456223 -19.542603 97.307953 -9.305099 -40.758484 50.906906 -10.689667 -25.042252 -5.000000 -1.000015 0.800034 49.291321 -13.374161 -6.258682 57.214890 -12.266769 -16.092560 28.052521 -8.742599 -10.794266 0.000000 -12.000000 -2.000000 88.570557 -23.369934 -23.403915 129.901031 -4.229797 -44.910599 73.555969 -11.311111 -26.916931 12.000000 -20.000000 -10.000000 83.813385 -22.542877 -19.359207 104.210785 -18.549973 -27.324158 53.915054 -15.940186 -12.101074 -8.835770 2.198120 4.780991 -2.024612 0.006607 -0.089279 0.154755 1.349869 18.233734 -89.999996 0.000000 0.000000 172.971863 2.536102 -5.260391 -4.684723 -0.004288 -0.045502 -1.205460 1.788666 1.594391 -89.999996 0.000000 0.000000 
0.002215 102.001175 0.013409 87.957458 5.437012 -98.440155 -11.555374 0.281906 -0.921616 6.102615 0.784332 -1.760590 8.285049 1.064651 -1.606949 7.310532 1.290924 -1.431274 -2.754929 1.252151 -1.465240 -24.092422 -2.836578 0.851639 -0.032425 -2.849731 0.806702 10.089294 -8.441147 0.631760 114.055450 81.487457 135.390564 -43.880722 63.967575 -16.610443 -39.321854 -34.613098 -4.137451 38.744965 -31.024551 -156.973129 12.825317 37.493683 80.396210 47.548141 -11.736816 2.549255 15.127350 -2.185822 0.520523 0.000000 6.000000 8.000000 28.548584 -2.397476 -4.256058 49.043076 -3.674500 -8.901855 20.407532 -2.836075 -5.184494 -5.000000 -1.000015 0.800003 99.949066 -17.467026 -21.497192 126.378632 -0.789047 -35.415344 74.308792 -5.433670 -24.822556 0.000000 -12.000000 -2.000000 95.090820 -15.699173 -16.338821 136.280396 -3.072357 -28.741913 76.498016 -8.449951 -15.639786 12.000000 -20.000000 -10.000000 93.048187 -15.922531 -12.683167 107.199371 -16.126297 -14.101593 56.532593 -12.746155 -4.095856 -37.790115 73.521912 159.394104 -76.038963 45.942764 -9.529251 -99.415352 13.619583 1.097763 15.455032 -12.521790 -125.891037 35.586227 24.494110 85.933411 37.032761 -10.646225 2.906174 23.980743 -8.918808 1.051437 0.000000 6.000000 8.000015 86.803558 -19.633881 -19.844101 96.185944 -9.493347 -40.255875 50.157120 -10.648453 -24.627960 -5.000000 -1.000015 0.800034 48.648743 -13.061951 -6.033127 56.311722 -12.078125 -15.599838 27.468719 -8.589401 -10.478851 0.000000 -12.000000 -2.000000 86.752106 -23.194183 -22.364212 128.747986 -4.704147 -44.586945 72.611206 -11.407532 -26.537582 12.000000 -20.000000 -10.000000 81.863342 -22.433945 -18.190674 102.871429 -18.678406 -26.848114 52.970612 -15.783829 -11.799957 -8.858643 2.184845 5.018600 -1.945755 0.006393 -0.090805 0.180267 1.332520 18.534958 -89.999996 0.000000 0.000000 173.027191 2.558441 -5.480835 -4.620514 -0.004456 -0.048370 -1.328323 1.820114 1.276031 -89.999996 0.000000 0.000000 
0.002875 102.001213 0.013132 87.838654 5.394302 -98.919724 -11.567123 0.281937 -0.892807 6.079437 0.777191 -1.703461 8.262100 1.048187 -1.551773 7.287735 1.266449 -1.379150 -2.777740 1.229095 -1.412491 -24.083130 -2.808975 0.725967 -0.023132 -2.820175 0.681488 10.119705 -8.412003 0.362366 114.140442 81.132111 135.560394 -43.548309 63.989243 -16.714508 -44.965088 -37.082031 -0.928894 37.118073 -30.267639 -155.601807 12.825317 37.493683 80.396210 47.438843 -11.688324 2.552841 15.262543 -2.243835 0.532471 0.000000 6.000000 8.000000 29.418823 -2.791092 -4.477020 49.752045 -3.783524 -9.151917 20.863113 -2.919479 -5.358704 -5.000000 -1.000015 0.800003 99.958252 -17.475433 -21.416656 126.378479 -0.789078 -35.415283 74.308716 -5.433670 -24.822525 0.000000 -12.000000 -2.000000 95.409821 -15.709549 -16.472137 136.333832 -3.058899 -28.749619 76.538727 -8.448395 -15.649063 12.000000 -20.000000 -10.000000 93.179901 -15.926651 -12.738922 107.271118 -16.124863 -14.115326 56.583282 -12.754379 -4.102341 -39.199661 73.429153 158.086670 -74.394310 46.589615 -9.978378 -100.338760 12.876083 1.096909 15.670578 -12.734268 -126.589340 36.153397 24.049164 86.352600 35.586533 -9.704010 2.798645 22.662231 -8.073196 1.046204 0.000000 6.000000 8.000015 87.410248 -19.750107 -20.037582 94.144928 -9.780945 -39.300430 48.809158 -10.550430 -23.875793 -5.000000 -1.000015 0.800034 47.782700 -12.630707 -5.744171 55.138702 -11.808228 -14.972946 26.710373 -8.379288 -10.074783 0.000000 -12.000000 -2.000000 84.433258 -22.905441 -21.051071 126.989319 -5.395248 -44.078186 71.179352 -11.531448 -25.963821 12.000000 -20.000000 -10.000000 79.642365 -22.244949 -16.862793 100.990387 -18.835907 -26.176010 51.650543 -15.554688 -11.385010 -8.879898 2.175644 5.232742 -1.870789 0.006180 -0.092300 0.203812 1.311523 18.793167 -89.999996 0.000000 0.000000 173.075348 2.576584 -5.679306 -4.559387 -0.004593 -0.050980 -1.438248 1.849319 1.002411 -89.999996 0.000000 0.000000 
0.003563 102.001236 0.012980 87.730988 5.353027 -99.330498 -11.578735 0.280960 -0.862564 6.056610 0.767700 -1.643768 8.239517 1.028961 -1.494461 7.265274 1.238937 -1.325317 -2.800217 1.203033 -1.357941 -24.081497 -2.775772 0.594757 -0.021515 -2.784927 0.550812 10.196777 -8.343033 0.082123 114.132416 80.776642 135.640350 -43.326553 64.108307 -16.975693 -50.844559 -39.104126 2.462601 35.543518 -29.292831 -154.362595 12.825317 37.493683 80.396210 47.318344 -11.636597 2.553757 15.341904 -2.277863 0.539581 0.000000 6.000000 8.000000 30.106979 -3.114090 -4.660339 50.131180 -3.840576 -9.288864 21.105347 -2.963135 -5.452362 -5.000000 -1.000015 0.800003 99.977173 -17.482498 -21.353333 126.383850 -0.787476 -35.416656 74.312500 -5.433121 -24.823898 0.000000 -12.000000 -2.000000 95.560699 -15.718475 -16.533340 136.369141 -3.051743 -28.754150 76.565399 -8.448425 -15.654419 12.000000 -20.000000 -10.000000 93.208649 -15.938385 -12.747864 107.334381 -16.124390 -14.125153 56.628403 -12.761841 -4.106293 -40.625351 73.322937 156.777985 -72.521393 47.372620 -10.434555 -101.055664 12.124344 1.086075 15.818222 -12.740402 -127.473480 36.531265 23.732285 86.704559 34.448746 -8.959885 2.708130 21.535095 -7.346588 1.036438 0.000000 6.000000 8.000015 87.424377 -19.775375 -20.071335 91.063324 -10.130371 -37.801880 46.798279 -10.367767 -22.744781 -5.000000 -1.000015 0.800034 46.605408 -12.026871 -5.373703 53.595612 -11.414413 -14.165527 25.711807 -8.085617 -9.550354 0.000000 -12.000000 -2.000000 81.574860 -22.449219 -19.457764 124.447510 -6.325745 -43.311340 69.129944 -11.665237 -25.144760 12.000000 -20.000000 -10.000000 77.098938 -21.918488 -15.360245 98.472290 -19.002502 -25.277695 49.891769 -15.229309 -10.847015 -8.899185 2.169022 5.422821 -1.804382 0.005951 -0.093628 0.227600 1.286987 19.007812 -89.999996 0.000000 0.000000 173.115143 2.591721 -5.855392 -4.503448 -0.004700 -0.053284 -1.534241 1.876602 0.773895 -89.999996 0.000000 0.000000 
0.004253 102.001251 0.012937 87.633667 5.314804 -99.674774 -11.590057 0.279434 -0.831070 6.034348 0.756851 -1.581696 8.217468 1.008011 -1.435013 7.243378 1.209412 -1.269638 -2.822144 1.174988 -1.301498 -24.088821 -2.739227 0.457779 -0.028870 -2.746246 0.414429 10.312500 -8.239410 -0.210114 114.049652 80.437164 135.645569 -43.176941 64.331985 -17.346115 -56.741409 -40.597641 5.850113 34.103928 -28.109894 -153.381332 12.825317 37.493683 80.396210 47.104721 -11.546463 2.551117 15.367126 -2.288635 0.541977 0.000000 6.000000 8.000000 30.497040 -3.331024 -4.784393 50.047211 -3.820572 -9.270309 21.048080 -2.949081 -5.434097 -5.000000 -1.000015 0.800003 100.019958 -17.487625 -21.319168 126.404327 -0.781387 -35.421982 74.326889 -5.431076 -24.829132 0.000000 -12.000000 -2.000000 95.508942 -15.727249 -16.508575 136.349609 -3.061966 -28.751038 76.549530 -8.452271 -15.649078 12.000000 -20.000000 -10.000000 93.074158 -15.961319 -12.683456 107.348419 -16.127609 -14.121964 56.639084 -12.764496 -4.102310 -42.022598 73.201065 155.510529 -70.402649 48.272461 -10.843307 -101.494469 11.352371 1.059494 15.881348 -12.498718 -128.530823 36.680588 23.584869 86.949036 33.729858 -8.490891 2.647842 20.674423 -6.789062 1.026123 0.000000 6.000000 8.000015 86.717072 -19.685303 -19.907822 86.924744 -10.487915 -35.704041 44.126648 -10.078110 -21.227127 -5.000000 -1.000015 0.800034 45.060623 -11.212006 -4.911346 51.617844 -10.863144 -13.146103 24.430191 -7.688858 -8.884491 0.000000 -12.000000 -2.000000 78.178162 -21.778824 -17.593048 121.008331 -7.488770 -42.202911 66.390152 -11.784775 -24.043152 12.000000 -20.000000 -10.000000 74.192795 -21.400864 -13.665817 95.266235 -19.150055 -24.129166 47.664154 -14.788788 -10.183212 -8.916367 2.163773 5.590073 -1.749725 0.005692 -0.094727 0.252884 1.258667 19.180206 -89.999996 0.000000 0.000000 173.146179 2.604813 -6.010284 -4.454361 -0.004776 -0.055206 -1.616058 1.902557 0.589035 -89.999996 0.000000 0.000000 
0.004940 102.001251 0.012959 87.545013 5.281586 -99.958252 -11.600952 0.278076 -0.798813 6.012939 0.746140 -1.518066 8.196289 0.986938 -1.374023 7.222321 1.179520 -1.212433 -2.843201 1.146637 -1.243530 -24.105606 -2.703323 0.315857 -0.045685 -2.708130 0.273087 10.448807 -8.111130 -0.513885 113.927521 80.133667 135.607574 -43.041840 64.662369 -17.750458 -62.353165 -41.519379 8.969040 32.899612 -26.747711 -152.819916 12.825317 37.493683 80.396210 46.703033 -11.376251 2.543686 15.336441 -2.275421 0.539474 0.000000 6.000000 8.000000 30.450104 -3.400253 -4.824600 49.335419 -3.687668 -9.043549 20.586197 -2.853409 -5.265930 -5.000000 -1.000015 0.800003 100.100525 -17.490540 -21.325058 126.462891 -0.765244 -35.435760 74.367767 -5.425858 -24.843353 0.000000 -12.000000 -2.000000 95.162994 -15.730820 -16.362808 136.170532 -3.117661 -28.728119 76.409851 -8.464218 -15.615021 12.000000 -20.000000 -10.000000 92.635925 -15.988510 -12.488037 107.179779 -16.141159 -14.081955 56.518005 -12.748016 -4.077698 -43.320297 73.065292 154.350525 -68.028023 49.243439 -11.118591 -101.573769 10.542892 1.008682 15.839798 -11.968536 -129.711960 36.545059 23.663696 87.034698 33.568130 -8.393478 2.628036 20.136978 -6.438309 1.020157 0.000000 6.000000 8.000015 85.233734 -19.461365 -19.525833 81.863464 -10.780792 -33.031403 40.888687 -9.667099 -19.368942 -5.000000 -1.000015 0.800034 43.112488 -10.155426 -4.355515 49.167633 -10.123215 -11.897736 22.839355 -7.172562 -8.065231 0.000000 -12.000000 -2.000000 74.287079 -20.845917 -15.493973 116.579193 -8.838150 -40.653351 62.915665 -11.850449 -22.630890 12.000000 -20.000000 -10.000000 70.876663 -20.620346 -11.773224 91.339478 -19.232986 -22.715271 44.951416 -14.210907 -9.399902 -8.931244 2.158295 5.736588 -1.710297 0.005417 -0.095505 0.280884 1.226425 19.314117 -89.999996 0.000000 0.000000 173.168457 2.617218 -6.145432 -4.413818 -0.004791 -0.056717 -1.684067 1.928635 0.443115 -89.999996 0.000000 0.000000 
0.005612 102.001236 0.013067 87.464172 5.254578 -100.183052 -11.611572 0.277664 -0.766418 5.992081 0.737320 -1.453918 8.175659 0.967636 -1.312210 7.201828 1.151276 -1.154175 -2.863724 1.119965 -1.184525 -24.129944 -2.672592 0.170227 -0.070053 -2.675095 0.127975 10.588211 -7.973557 -0.828110 113.821472 79.880035 135.578827 -42.875290 65.090286 -18.120682 -67.371513 -41.909866 11.553955 31.998184 -25.249954 -152.807205 12.825317 37.493683 80.396210 46.065750 -11.104050 2.530869 15.242584 -2.235153 0.531265 0.000000 6.000000 8.000000 29.885925 -3.287888 -4.766174 47.887650 -3.410599 -8.575516 19.652298 -2.657333 -4.924469 -5.000000 -1.000015 0.800003 100.151764 -17.491302 -21.354904 126.520386 -0.750870 -35.448868 74.407684 -5.421570 -24.856964 0.000000 -12.000000 -2.000000 94.357574 -15.706268 -16.037521 135.631897 -3.266342 -28.660461 75.991882 -8.488190 -15.519379 12.000000 -20.000000 -10.000000 91.666962 -15.982895 -12.076599 106.567810 -16.171371 -13.963562 56.074982 -12.682129 -4.013702 -44.442413 72.926010 153.366364 -65.398811 50.228058 -11.176712 -101.228355 9.675690 0.916061 15.683395 -11.146164 -130.969604 36.077667 24.014664 86.927979 34.054840 -8.732101 2.648575 19.883026 -6.270493 1.019394 0.000000 6.000000 8.000015 83.047333 -19.107040 -18.944214 76.235626 -10.950821 -29.947952 37.314590 -9.149170 -17.298370 -5.000000 -1.000015 0.800034 40.807480 -8.873398 -3.727280 46.315628 -9.201538 -10.457932 20.983490 -6.545288 -7.116302 0.000000 -12.000000 -2.000000 70.010406 -19.630707 -13.234177 111.187378 -10.278564 -38.611298 58.758087 -11.818390 -20.923233 12.000000 -20.000000 -10.000000 67.106812 -19.535767 -9.719330 86.703888 -19.197769 -21.044510 41.765915 -13.477753 -8.515945 -8.943039 2.151489 5.862900 -1.687790 0.005081 -0.095963 0.311005 1.189804 19.411270 -89.999996 0.000000 0.000000 173.182373 2.629730 -6.259903 -4.382294 -0.004745 -0.057800 -1.738724 1.956299 0.332947 -89.999996 0.000000 0.000000 
0.006267 102.001221 0.013215 87.390411 5.234131 -100.352287 -11.622009 0.278900 -0.734375 5.971527 0.731842 -1.390060 8.155334 0.951706 -1.250122 7.181625 1.126297 -1.095139 -2.883942 1.096588 -1.124847 -24.159607 -2.650650 0.022141 -0.099716 -2.650818 -0.019760 10.716110 -7.842300 -1.151520 113.777222 79.682892 135.604309 -42.649567 65.603378 -18.413925 -71.589760 -41.856445 13.433792 31.417511 -23.650024 -153.397827 12.825317 37.493683 80.396210 45.182953 -10.723892 2.512314 15.078857 -2.164978 0.516647 0.000000 6.000000 8.000000 28.778900 -2.977844 -4.604416 45.658829 -2.970047 -7.851395 18.219559 -2.350647 -4.400681 -5.000000 -1.000015 0.800003 100.109802 -17.491180 -21.390671 126.539978 -0.749924 -35.453766 74.420517 -5.422424 -24.861038 0.000000 -12.000000 -2.000000 92.955902 -15.628433 -15.481186 134.563080 -3.547485 -28.520874 75.165970 -8.526138 -15.332901 12.000000 -20.000000 -10.000000 89.979950 -15.902328 -11.375900 105.281219 -16.218140 -13.725876 55.146225 -12.538208 -3.894348 -45.340515 72.793121 152.599609 -62.522865 51.174118 -10.957611 -100.433685 8.738327 0.761658 15.409348 -10.052612 -132.259140 35.246521 24.661758 86.608765 35.232834 -9.532257 2.702316 19.839325 -6.239563 1.022720 0.000000 6.000000 8.000015 80.301727 -18.634674 -18.197968 70.392136 -10.966827 -26.635529 33.623123 -8.548798 -15.140762 -5.000000 -1.000015 0.800034 38.219971 -7.401230 -3.051926 43.164841 -8.121780 -8.878845 18.927460 -5.825150 -6.071182 0.000000 -12.000000 -2.000000 65.466125 -18.135910 -10.884842 104.922424 -11.705200 -36.046463 54.009613 -11.653259 -18.949158 12.000000 -20.000000 -10.000000 62.873947 -18.127594 -7.550674 81.405579 -18.993286 -19.130569 38.139816 -12.578644 -7.550079 -8.951233 2.142700 5.969818 -1.682022 0.004715 -0.096161 0.341919 1.148438 19.473953 -89.999996 0.000000 0.000000 173.188599 2.642822 -6.353149 -4.359314 -0.004654 -0.058426 -1.780960 1.986603 0.254913 -89.999996 0.000000 0.000000 
0.006907 102.001198 0.013374 87.322876 5.220016 -100.471550 -11.632584 0.282837 -0.703125 5.950714 0.731903 -1.327087 8.134735 0.941360 -1.188019 7.161179 1.106857 -1.035248 -2.904404 1.078766 -1.064453 -24.191238 -2.641495 -0.127106 -0.131348 -2.639282 -0.168839 10.821823 -7.747086 -1.482666 113.851318 79.545319 135.740143 -42.344742 66.176010 -18.594955 -74.852592 -41.485794 14.486649 31.152069 -21.990585 -154.612122 12.825317 37.493698 80.396210 44.102158 -10.254913 2.489029 14.839630 -2.062485 0.494965 0.000000 6.000000 8.000000 27.179779 -2.467484 -4.345566 42.702103 -2.364105 -6.890060 16.323196 -1.935333 -3.708984 -5.000000 -1.000015 0.800003 99.852844 -17.490936 -21.393250 126.440033 -0.787338 -35.432953 74.348923 -5.437057 -24.835983 0.000000 -12.000000 -2.000000 90.811432 -15.454483 -14.637390 132.749359 -4.004303 -28.259277 73.773987 -8.575836 -15.016571 12.000000 -20.000000 -10.000000 87.371490 -15.672562 -10.307983 103.017914 -16.262390 -13.308060 53.526062 -12.273651 -3.701538 -45.973679 72.679291 152.083099 -59.445801 52.024750 -10.425720 -99.187981 7.717819 0.519760 15.024628 -8.740784 -133.533813 34.047745 25.600357 86.073120 37.083191 -10.770493 2.773895 19.876343 -6.262711 1.025574 0.000000 6.000000 8.000015 77.197327 -18.071396 -17.344833 64.819870 -10.824707 -23.380295 30.118286 -7.915009 -13.076935 -5.000000 -1.000015 0.800034 35.496582 -5.820419 -2.372101 39.911957 -6.947983 -7.259338 16.798431 -5.055359 -4.994659 0.000000 -12.000000 -2.000000 60.847702 -16.403778 -8.554825 98.027679 -12.985092 -33.016815 48.871384 -11.329605 -16.790314 12.000000 -20.000000 -10.000000 58.227249 -16.425797 -5.369156 75.582626 -18.572906 -17.026566 34.164078 -11.518875 -6.538300 -8.955185 2.131165 6.058960 -1.691040 0.004318 -0.096161 0.371628 1.102509 19.506042 -89.999996 0.000000 0.000000 173.188660 2.657104 -6.425308 -4.343094 -0.004517 -0.058670 -1.812836 2.020935 0.203613 -89.999996 0.000000 0.000000 
0.007518 102.001175 0.013526 87.261932 5.210541 -100.542580 -11.643829 0.290482 -0.672668 5.928467 0.739563 -1.264862 8.112732 0.938644 -1.125366 7.139328 1.094879 -0.973694 -2.926285 1.068420 -1.002594 -24.220215 -2.646210 -0.276413 -0.160324 -2.641617 -0.318192 10.911682 -7.724365 -1.819992 114.084473 79.461945 136.027161 -41.976257 66.772949 -18.675827 -77.129234 -40.941376 14.710983 31.140106 -20.299118 -156.378326 12.825317 37.493698 80.396210 42.952835 -9.752762 2.463806 14.525909 -1.928116 0.466125 0.000000 6.000000 8.000000 25.252548 -1.775040 -4.010574 39.224136 -1.626236 -5.760834 14.095428 -1.436234 -2.899094 -5.000000 -1.000015 0.800003 99.177094 -17.485123 -21.296539 126.042877 -0.907104 -35.348892 74.068222 -5.478638 -24.740204 0.000000 -12.000000 -2.000000 87.837646 -15.131317 -13.477936 130.014191 -4.658249 -27.818054 71.692398 -8.627228 -14.538208 12.000000 -20.000000 -10.000000 83.745758 -15.207382 -8.846252 99.549103 -16.264603 -12.660812 51.065521 -11.849655 -3.428070 -46.346237 72.595688 151.807343 -56.253479 52.761490 -9.629791 -97.531525 6.606308 0.163040 14.559723 -7.305161 -134.797363 32.538010 26.773254 85.360779 39.451462 -12.333954 2.844879 19.838318 -6.240082 1.019516 0.000000 6.000000 8.000015 73.885574 -17.444824 -16.440887 59.933914 -10.566895 -20.454041 27.052933 -7.307510 -11.261826 -5.000000 -1.000015 0.800034 32.831802 -4.245773 -1.734955 36.809647 -5.778961 -5.723145 14.762207 -4.298981 -3.969543 0.000000 -12.000000 -2.000000 56.360336 -14.521011 -6.356293 90.859344 -14.009735 -29.671112 43.612274 -10.850311 -14.563293 12.000000 -20.000000 -10.000000 53.308655 -14.532455 -3.317703 69.461060 -17.923294 -14.821457 29.986298 -10.329620 -5.525955 -8.953964 2.116272 6.131607 -1.710297 0.003891 -0.096100 0.397446 1.053024 19.507950 -89.999996 0.000000 0.000000 173.184113 2.672989 -6.476288 -4.329941 -0.004364 -0.058655 -1.837036 2.059723 0.177246 -89.999996 0.000000 0.000000 
0.008074 102.001152 0.013626 87.207825 5.204224 -100.568138 -11.656296 0.302582 -0.642838 5.903778 0.756226 -1.202789 8.088287 0.944824 -1.061401 7.115051 1.091507 -0.909500 -2.950577 1.066772 -0.938354 -24.243240 -2.664307 -0.425598 -0.183334 -2.657333 -0.467636 10.997421 -7.802628 -2.163208 114.491547 79.424866 136.480347 -41.565247 67.366150 -18.679337 -78.483978 -40.332306 14.177704 31.312149 -18.588669 -158.596924 12.825317 37.493698 80.396210 41.858521 -9.271164 2.439682 14.143372 -1.764282 0.430588 0.000000 6.000000 8.000000 23.169983 -0.926834 -3.621719 35.451721 -0.800690 -4.538193 11.679993 -0.883606 -2.024048 -5.000000 -1.000015 0.800003 97.912750 -17.463821 -21.039215 125.193817 -1.146790 -35.163818 73.471054 -5.557709 -24.536270 0.000000 -12.000000 -2.000000 84.026947 -14.612732 -11.999481 126.272858 -5.502441 -27.134628 68.869553 -8.665527 -13.877014 12.000000 -20.000000 -10.000000 79.115723 -14.436066 -7.004730 94.782471 -16.166962 -11.750488 47.709869 -11.238327 -3.075211 -46.485107 72.547165 151.744659 -53.025444 53.385742 -8.645355 -95.515770 5.405090 -0.323090 14.045242 -5.828247 -136.068787 30.787796 28.110245 84.506226 42.164246 -14.096634 2.900040 19.615082 -6.100723 0.997223 0.000000 6.000000 8.000015 70.461731 -16.777008 -15.526611 55.978699 -10.250153 -18.046326 24.571976 -6.773148 -9.790176 -5.000000 -1.000015 0.800034 30.368713 -2.767319 -1.172256 34.041779 -4.695618 -4.361359 12.940079 -3.605652 -3.056503 0.000000 -12.000000 -2.000000 52.143539 -12.571030 -4.364166 83.721039 -14.720184 -26.171341 38.443832 -10.235153 -12.366562 12.000000 -20.000000 -10.000000 48.255905 -12.555573 -1.510071 63.241852 -17.053391 -12.596176 25.731583 -9.045532 -4.547150 -8.947098 2.097687 6.189636 -1.735840 0.003464 -0.096054 0.417847 1.001465 19.480392 -89.999996 0.000000 0.000000 173.176514 2.690826 -6.507492 -4.317154 -0.004211 -0.058456 -1.855728 2.103378 0.174576 -89.999996 0.000000 0.000000 
0.008582 102.001137 0.013683 87.160736 5.198700 -100.553925 -11.670685 0.319717 -0.613373 5.875229 0.782974 -1.140228 8.059998 0.960876 -0.995270 7.086945 1.097565 -0.841736 -2.978714 1.074646 -0.870758 -24.255478 -2.692993 -0.574081 -0.195557 -2.683640 -0.616562 11.096619 -8.010223 -2.510651 115.067383 79.421143 137.094208 -41.146561 67.917664 -18.646408 -79.075676 -39.762054 13.043472 31.568542 -16.880020 -161.102722 12.825317 37.493698 80.396210 40.965332 -8.874802 2.420502 13.713120 -1.580032 0.390198 0.000000 6.000000 8.000000 21.163086 0.033737 -3.210266 31.710800 0.043808 -3.330231 9.284409 -0.323517 -1.160156 -5.000000 -1.000015 0.800003 95.864288 -17.402527 -20.544022 123.679291 -1.550156 -34.811737 72.412704 -5.683746 -24.170090 0.000000 -12.000000 -2.000000 79.482239 -13.862091 -10.248657 121.539642 -6.495346 -26.155869 65.328629 -8.670212 -13.029510 12.000000 -20.000000 -10.000000 73.649277 -13.313507 -4.868423 88.799683 -15.907394 -10.580093 43.517288 -10.431183 -2.658310 -46.446686 72.535049 151.839935 -49.867096 53.923630 -7.594589 -93.239563 4.114349 -0.946243 13.537186 -4.425919 -137.399689 28.927155 29.499954 83.588837 44.943329 -15.871567 2.928574 19.098831 -5.774887 0.950958 0.000000 6.000000 8.000015 66.970718 -16.083405 -14.632767 53.118759 -9.941727 -16.284515 22.774979 -6.355072 -8.724503 -5.000000 -1.000015 0.800034 28.273895 -1.488403 -0.714508 31.811615 -3.793915 -3.270401 11.467682 -3.033646 -2.321716 0.000000 -12.000000 -2.000000 48.348801 -10.666443 -2.655579 76.995148 -15.089737 -22.743683 33.629715 -9.526886 -10.323441 12.000000 -20.000000 -10.000000 43.284439 -10.649323 -0.067947 57.213501 -16.009521 -10.464996 21.589417 -7.728714 -3.647186 -8.934250 2.075165 6.237137 -1.761826 0.003036 -0.096146 0.431427 0.950317 19.424698 -89.999996 0.000000 0.000000 173.167816 2.710999 -6.522903 -4.300674 -0.004089 -0.058243 -1.872330 2.151688 0.194107 -89.999996 0.000000 0.000000 
0.008999 102.001129 0.013659 87.120758 5.190613 -100.505760 -11.687637 0.341492 -0.583878 5.841492 0.818893 -1.076553 8.026535 0.985794 -0.926529 7.053711 1.112000 -0.770050 -3.011993 1.091003 -0.799500 -24.251984 -2.724991 -0.718994 -0.192062 -2.713318 -0.761963 11.231903 -8.349762 -2.854156 115.782593 79.438141 137.836182 -40.756317 68.395401 -18.624557 -79.094101 -39.292313 11.506180 31.826614 -15.201355 -163.707413 12.825317 37.493683 80.396210 40.363205 -8.604721 2.409225 13.270905 -1.390671 0.348328 0.000000 6.000000 8.000000 19.424225 1.055679 -2.804001 28.304947 0.834366 -2.235962 7.102051 0.197021 -0.377090 -5.000000 -1.000015 0.800003 92.941895 -17.270920 -19.765350 121.338837 -2.138245 -34.225906 70.789337 -5.857071 -23.598495 0.000000 -12.000000 -2.000000 74.455292 -12.885635 -8.332397 116.027435 -7.557434 -24.885605 61.237747 -8.624191 -12.030838 12.000000 -20.000000 -10.000000 67.704712 -11.869812 -2.595856 81.965851 -15.457458 -9.217102 38.738602 -9.464172 -2.210327 -46.314392 72.557083 152.013672 -46.888107 54.436707 -6.634155 -90.829201 2.729309 -1.686493 13.111664 -3.204926 -138.876190 27.100433 30.829834 82.694824 47.486893 -17.467026 2.933960 18.277512 -5.254608 0.877548 0.000000 6.000000 8.000015 63.340546 -15.351242 -13.753860 51.266876 -9.690552 -15.141556 21.607742 -6.063232 -8.035629 -5.000000 -1.000015 0.800034 26.629974 -0.461288 -0.368561 30.199829 -3.125015 -2.486221 10.400497 -2.612045 -1.791092 0.000000 -12.000000 -2.000000 45.030579 -8.902008 -1.265182 70.945343 -15.154007 -19.586868 29.336884 -8.778091 -8.518906 12.000000 -20.000000 -10.000000 38.605911 -8.949249 0.952560 51.624680 -14.868423 -8.527466 17.725632 -6.445511 -2.859024 -8.914932 2.048569 6.279999 -1.782288 0.002609 -0.096466 0.437057 0.901917 19.340668 -89.999996 0.000000 0.000000 173.160645 2.733994 -6.527954 -4.277237 -0.004028 -0.058182 -1.890350 2.203659 0.235657 -89.999996 0.000000 0.000000 
0.009309 102.001144 0.013555 87.087585 5.177536 -100.430191 -11.707504 0.367142 -0.554138 5.801941 0.862457 -1.011505 7.987274 1.018005 -0.855179 7.014679 1.133286 -0.694702 -3.051056 1.114288 -0.724747 -24.229980 -2.753830 -0.857849 -0.170044 -2.739944 -0.901245 11.417908 -8.811081 -3.186554 116.603333 79.466583 138.669922 -40.415344 68.780853 -18.645676 -78.700508 -38.945862 9.726227 32.032043 -13.576675 -166.266083 12.825317 37.493683 80.396210 40.084076 -8.476547 2.407379 12.847931 -1.209549 0.307907 0.000000 6.000000 8.000000 18.067001 2.093826 -2.423172 25.431854 1.519958 -1.321320 5.258118 0.645889 0.280029 -5.000000 -1.000015 0.800003 89.165009 -17.036469 -18.687469 118.107178 -2.905869 -33.345734 68.563446 -6.069885 -22.796402 0.000000 -12.000000 -2.000000 69.205231 -11.712601 -6.358337 109.993866 -8.607986 -23.349670 56.791687 -8.516296 -10.923874 12.000000 -20.000000 -10.000000 61.632874 -10.171738 -0.337158 74.691437 -14.811432 -7.741394 33.649002 -8.384811 -1.761612 -46.156769 72.608093 152.201660 -44.154892 54.979233 -5.875595 -88.386650 1.250229 -2.517502 12.825104 -2.230408 -140.562546 25.420319 32.021774 81.893066 49.576157 -18.752777 2.925568 17.189804 -4.564346 0.777740 0.000000 6.000000 8.000015 59.472427 -14.555069 -12.865967 50.247574 -9.516403 -14.520981 20.964005 -5.887497 -7.660904 -5.000000 -1.000015 0.800034 25.453110 0.303162 -0.127625 29.201981 -2.701675 -2.003494 9.738007 -2.346558 -1.462830 0.000000 -12.000000 -2.000000 42.182892 -7.335175 -0.195633 65.703308 -14.974274 -16.833527 25.638626 -8.032440 -6.995956 12.000000 -20.000000 -10.000000 34.365234 -7.535324 1.554337 46.635818 -13.704788 -6.849579 14.248825 -5.247269 -2.200485 -8.889175 2.017960 6.323547 -1.793106 0.002197 -0.097046 0.434555 0.857895 19.229416 -89.999996 0.000000 0.000000 173.156921 2.760117 -6.527939 -4.245117 -0.004013 -0.058380 -1.912262 2.258270 0.298218 -89.999996 0.000000 0.000000 
0.009552 102.001167 0.013406 87.059509 5.156433 -100.339294 -11.730423 0.395111 -0.523926 5.756302 0.910507 -0.944977 7.941940 1.054413 -0.781616 6.969574 1.158371 -0.616547 -3.096207 1.141449 -0.647293 -24.186462 -2.771057 -0.985901 -0.126541 -2.755127 -1.029556 11.664902 -9.360229 -3.494873 117.484467 79.494965 139.547241 -40.139999 69.057648 -18.738693 -78.100357 -38.743164 7.904724 32.136917 -12.042923 -168.608719 12.825317 37.493683 80.396210 40.110657 -8.483658 2.414764 12.478851 -1.051514 0.272308 0.000000 6.000000 8.000000 17.167358 3.090622 -2.087677 23.252853 2.054718 -0.636551 3.856003 0.994537 0.775467 -5.000000 -1.000015 0.800003 84.714966 -16.681717 -17.344681 114.074463 -3.817352 -32.146240 65.802460 -6.308060 -21.773849 0.000000 -12.000000 -2.000000 64.095230 -10.420792 -4.469589 103.861908 -9.556503 -21.643845 52.303177 -8.348221 -9.785751 12.000000 -20.000000 -10.000000 55.882446 -8.347229 1.728012 67.547455 -14.010696 -6.275970 28.639267 -7.275391 -1.350845 -46.058426 72.681412 152.323944 -41.723404 55.609558 -5.428757 -86.053535 -0.320511 -3.393188 12.745804 -1.568222 -142.515503 23.996994 33.004074 81.250183 50.993530 -19.603302 2.917282 15.920090 -3.757797 0.656769 0.000000 6.000000 8.000015 55.308807 -13.665695 -11.944977 49.784439 -9.415451 -14.248932 20.672134 -5.798370 -7.495544 -5.000000 -1.000015 0.800034 24.708145 0.827759 0.027695 28.734253 -2.501068 -1.776352 9.426819 -2.221146 -1.308289 0.000000 -12.000000 -2.000000 39.749191 -6.001511 0.579941 61.307831 -14.628113 -14.539337 22.548126 -7.327286 -5.759781 12.000000 -20.000000 -10.000000 30.691559 -6.450821 1.796051 42.368103 -12.593277 -5.468307 11.247894 -4.179993 -1.677719 -8.857590 1.983475 6.375839 -1.789581 0.001785 -0.097992 0.423630 0.819382 19.094864 -89.999996 0.000000 0.000000 173.159271 2.789810 -6.530212 -4.202896 -0.004074 -0.058945 -1.941147 2.314362 0.377487 -89.999996 0.000000 0.000000 
0.009700 102.001213 0.013201 87.033813 5.124344 -100.248299 -11.755966 0.422729 -0.493240 5.705399 0.957764 -0.877625 7.891312 1.089905 -0.707382 6.919159 1.182449 -0.537872 -3.146652 1.167618 -0.569290 -24.120865 -2.767685 -1.094696 -0.060974 -2.750015 -1.138275 11.970749 -9.926712 -3.756500 118.396729 79.515320 140.436584 -39.931549 69.220505 -18.914688 -77.420929 -38.684067 6.175079 32.150253 -10.640854 -170.636932 12.825317 37.493683 80.396210 40.362503 -8.591217 2.428986 12.185379 -0.925888 0.243713 0.000000 6.000000 8.000000 16.682343 4.005875 -1.803528 21.759033 2.431885 -0.175705 2.891342 1.239761 1.112656 -5.000000 -1.000015 0.800003 79.881439 -16.206985 -15.826324 109.442902 -4.800095 -30.657135 62.648346 -6.546249 -20.575974 0.000000 -12.000000 -2.000000 59.407578 -9.099899 -2.780029 98.003998 -10.342224 -19.891922 48.040680 -8.131760 -8.691483 12.000000 -20.000000 -10.000000 50.799255 -6.547455 3.472183 61.034775 -13.135529 -4.938309 24.051895 -6.221390 -1.006378 -46.073532 72.776703 152.326233 -39.622086 56.360138 -5.342361 -83.962639 -1.981583 -4.254532 12.912598 -1.232742 -144.716858 22.863373 33.766968 80.790802 51.674789 -19.993393 2.922440 14.600998 -2.919312 0.525620 0.000000 6.000000 8.000015 50.886581 -12.661224 -10.978180 49.577881 -9.354202 -14.141068 20.543701 -5.751495 -7.427933 -5.000000 -1.000015 0.800034 24.287872 1.178757 0.125320 28.620819 -2.453079 -1.719070 9.351410 -2.191269 -1.269958 0.000000 -12.000000 -2.000000 37.625107 -4.897644 1.108200 57.652039 -14.188232 -12.674927 19.981506 -6.677917 -4.773270 12.000000 -20.000000 -10.000000 27.625381 -5.661072 1.787766 38.825333 -11.586304 -4.380005 8.734329 -3.263153 -1.281723 -8.821152 1.945679 6.443008 -1.768295 0.001373 -0.099365 0.403870 0.786072 18.945984 -89.999996 0.000000 0.000000 173.170197 2.823135 -6.540070 -4.150436 -0.004196 -0.059952 -1.979828 2.370956 0.464020 -89.999996 0.000000 0.000000 
0.009798 102.001266 0.012971 87.008026 5.079620 -100.169777 -11.783615 0.447906 -0.462173 5.650330 1.000061 -0.810104 7.836502 1.120468 -0.633804 6.864532 1.201767 -0.460556 -3.201309 1.188995 -0.492523 -24.034256 -2.738403 -1.177963 0.025589 -2.719406 -1.221054 12.327591 -10.450439 -3.954727 119.324310 79.522369 141.322052 -39.785629 69.272171 -19.174316 -76.742622 -38.764236 4.618744 32.096130 -9.398163 -172.308075 12.825317 37.493683 80.396210 40.755539 -8.762039 2.447144 11.974457 -0.835617 0.222931 0.000000 6.000000 8.000000 16.531097 4.818481 -1.569458 20.864944 2.666168 0.092117 2.311584 1.391464 1.312164 -5.000000 -1.000015 0.800003 74.930954 -15.625565 -14.223175 104.429932 -5.786362 -28.924606 59.249130 -6.763428 -19.253113 0.000000 -12.000000 -2.000000 55.309402 -7.827057 -1.357315 92.677490 -10.940308 -18.208847 44.183655 -7.883911 -7.697113 12.000000 -20.000000 -10.000000 46.571014 -4.893967 4.833862 55.470047 -12.272980 -3.812881 20.102921 -5.287689 -0.743179 -46.229996 72.895142 152.178741 -37.845108 57.240448 -5.613251 -82.200783 -3.727753 -5.058121 13.337418 -1.214951 -147.126038 22.006866 34.331619 80.514709 51.653564 -19.954300 2.949203 13.332840 -2.112915 0.393906 0.000000 6.000000 8.000015 46.300400 -11.536728 -9.968109 49.427689 -9.299103 -14.075592 20.451904 -5.712494 -7.384232 -5.000000 -1.000015 0.800034 24.090103 1.418488 0.187424 28.705841 -2.490952 -1.757217 9.408264 -2.215103 -1.296967 0.000000 -12.000000 -2.000000 35.721115 -4.002838 1.432648 54.600571 -13.698776 -11.176895 17.841919 -6.084427 -3.991791 12.000000 -20.000000 -10.000000 25.142700 -5.109497 1.629486 35.945709 -10.707535 -3.556717 6.674316 -2.495758 -0.996628 -8.781052 1.905350 6.528610 -1.727707 0.000977 -0.101227 0.374969 0.756927 18.791626 -89.999996 0.000000 0.000000 173.191071 2.859741 -6.560486 -4.088211 -0.004349 -0.061447 -2.029953 2.427002 0.548737 -89.999996 0.000000 0.000000 
0.009886 102.001328 0.012736 86.978943 5.020248 -100.120071 -11.812378 0.467804 -0.430771 5.593063 1.031860 -0.743225 7.779449 1.140793 -0.562576 6.807632 1.211288 -0.387115 -3.258240 1.200485 -0.419342 -23.930115 -2.677933 -1.228531 0.129684 -2.658142 -1.270645 12.721237 -10.849854 -4.069778 120.258820 79.508850 142.197113 -39.693451 69.221878 -19.514801 -76.154320 -38.970871 3.315460 32.019043 -8.336304 -173.606491 12.825317 37.493683 80.396210 41.193665 -8.953384 2.465851 11.845352 -0.780365 0.210068 0.000000 6.000000 8.000000 16.598297 5.511383 -1.380661 20.422699 2.787872 0.218903 2.023590 1.469772 1.409088 -5.000000 -1.000015 0.800003 70.164764 -14.964539 -12.654282 99.302368 -6.687943 -27.042725 55.786331 -6.931747 -17.879303 0.000000 -12.000000 -2.000000 51.892975 -6.661758 -0.237305 88.054321 -11.344238 -16.689682 40.850525 -7.620316 -6.843658 12.000000 -20.000000 -10.000000 43.295303 -3.486969 5.799454 51.060562 -11.502106 -2.951813 16.942719 -4.523376 -0.565964 -46.549072 73.040543 151.856598 -36.365585 58.236084 -6.205627 -80.857193 -5.546234 -5.755249 14.003235 -1.467606 -149.647171 21.375641 34.741760 80.390411 51.051056 -19.564133 2.998886 12.231094 -1.412430 0.273819 0.000000 6.000000 8.000015 41.726562 -10.306259 -8.933945 49.114517 -9.211838 -13.920288 20.257202 -5.642990 -7.283600 -5.000000 -1.000015 0.800034 23.978287 1.625198 0.239624 28.794998 -2.529465 -1.799362 9.467606 -2.239288 -1.325989 0.000000 -12.000000 -2.000000 33.934113 -3.275589 1.615097 51.967285 -13.191711 -9.932266 15.995544 -5.536469 -3.348679 12.000000 -20.000000 -10.000000 23.173157 -4.703766 1.439285 33.606171 -9.954285 -2.938995 4.990005 -1.858276 -0.794907 -8.738510 1.863831 6.634064 -1.666763 0.000610 -0.103653 0.336838 0.730347 18.646530 -89.999996 0.000000 0.000000 173.223846 2.898834 -6.593765 -4.017456 -0.004547 -0.063431 -2.093094 2.481812 0.618179 -89.999996 0.000000 0.000000 
0.009989 102.001404 0.012517 86.944458 4.944305 -100.113251 -11.841080 0.479568 -0.399429 5.535919 1.047516 -0.678406 7.722458 1.145523 -0.496078 6.750717 1.206100 -0.320633 -3.315155 1.197067 -0.352753 -23.815033 -2.582733 -1.239365 0.244705 -2.562775 -1.279968 13.139633 -11.045639 -4.081116 121.207520 79.468628 143.072968 -39.649796 69.083862 -19.930954 -75.670761 -39.286926 2.275864 31.978943 -7.470337 -174.572891 12.825317 37.493683 80.396210 41.622482 -9.141022 2.482864 11.787445 -0.755569 0.204239 0.000000 6.000000 8.000000 16.774521 6.086090 -1.229034 20.266907 2.835571 0.259109 1.921677 1.499847 1.441727 -5.000000 -1.000015 0.800003 65.748856 -14.249069 -11.205093 94.227844 -7.433868 -25.098724 52.374420 -7.028030 -16.511078 0.000000 -12.000000 -2.000000 49.073334 -5.611237 0.607697 84.074890 -11.581680 -15.365387 37.993164 -7.348831 -6.130539 12.000000 -20.000000 -10.000000 40.866913 -2.350571 6.431000 47.727570 -10.867355 -2.343491 14.528519 -3.932831 -0.462769 -47.020004 73.222351 151.364075 -35.154846 59.298706 -7.048065 -79.980316 -7.413956 -6.304398 14.851654 -1.910370 -152.130829 20.895187 35.053558 80.366943 50.060287 -18.940216 3.063507 11.356735 -0.857010 0.173706 0.000000 6.000000 8.000015 37.400436 -9.012390 -7.918549 48.572540 -9.070480 -13.642136 19.919464 -5.527191 -7.105515 -5.000000 -1.000015 0.800034 23.856171 1.845901 0.292618 28.765533 -2.510742 -1.790970 9.447327 -2.228180 -1.318298 0.000000 -12.000000 -2.000000 32.225967 -2.679062 1.698471 49.625610 -12.680618 -8.863541 14.353271 -5.023651 -2.800446 12.000000 -20.000000 -10.000000 21.612030 -4.368607 1.282242 31.668060 -9.305481 -2.470306 3.589233 -1.321762 -0.652557 -8.693695 1.823334 6.754837 -1.585709 0.000320 -0.106659 0.289032 0.704651 18.528992 -89.999996 0.000000 0.000000 173.270844 2.938553 -6.638367 -3.939896 -0.004761 -0.065887 -2.169876 2.534775 0.657394 -89.999996 0.000000 0.000000 
0.010171 102.001480 0.012355 86.903534 4.851074 -100.157677 -11.868866 0.481384 -0.368423 5.480637 1.043564 -0.616623 7.667267 1.131409 -0.435791 6.695541 1.183197 -0.263107 -3.370331 1.175720 -0.294632 -23.695145 -2.452103 -1.207458 0.364532 -2.432663 -1.246002 13.574081 -10.989456 -3.978775 122.175354 79.397278 143.958984 -39.652985 68.872437 -20.419586 -75.295120 -39.695847 1.485870 32.009918 -6.795258 -175.252060 12.825317 37.493698 80.396210 42.021484 -9.315811 2.497284 11.789001 -0.756210 0.204391 0.000000 6.000000 8.000000 16.992706 6.554138 -1.107330 20.279846 2.837814 0.250305 1.929642 1.500504 1.437149 -5.000000 -1.000015 0.800003 61.718063 -13.498413 -9.917053 89.260193 -7.985229 -23.151917 49.050385 -7.039566 -15.177643 0.000000 -12.000000 -2.000000 46.705032 -4.651611 1.228485 80.580536 -11.686768 -14.220337 35.496002 -7.069870 -5.535919 12.000000 -20.000000 -10.000000 39.118820 -1.458725 6.806244 45.275787 -10.375107 -1.945847 12.737885 -3.495193 -0.417847 -47.627197 73.446198 150.712646 -34.181931 60.381897 -8.078079 -79.579796 -9.304306 -6.686722 15.821762 -2.475342 -154.457718 20.505676 35.307678 80.399750 48.835724 -18.172806 3.132339 10.722015 -0.454605 0.097183 0.000000 6.000000 8.000015 33.510803 -7.706650 -6.965042 47.801346 -8.871063 -13.241547 19.438477 -5.363449 -6.850327 -5.000000 -1.000015 0.800034 23.670395 2.101746 0.349777 28.560226 -2.406815 -1.707489 9.309036 -2.164612 -1.256073 0.000000 -12.000000 -2.000000 30.586456 -2.182892 1.715805 47.499283 -12.172211 -7.919006 12.859940 -4.539276 -2.318497 12.000000 -20.000000 -10.000000 20.366241 -4.054993 1.186737 30.019714 -8.736618 -2.105682 2.394806 -0.859985 -0.550980 -8.646698 1.785690 6.885605 -1.485626 0.000168 -0.110260 0.231522 0.678543 18.452515 -89.999996 0.000000 0.000000 173.333313 2.977188 -6.692032 -3.856995 -0.005005 -0.068771 -2.260162 2.585236 0.656219 -89.999996 0.000000 0.000000 
0.010419 102.001564 0.012232 86.856171 4.740509 -100.259254 -11.894699 0.471649 -0.338211 5.429276 1.016861 -0.559143 7.615921 1.095596 -0.383499 6.644150 1.140015 -0.216721 -3.421707 1.133789 -0.247116 -23.579117 -2.286972 -1.132141 0.480484 -2.268738 -1.168076 14.016800 -10.641220 -3.757980 123.160217 79.290497 144.859680 -39.699509 68.610413 -20.972626 -75.027740 -40.169662 0.918625 32.140671 -6.293091 -175.711914 12.825317 37.493698 80.396240 42.385315 -9.475449 2.508682 11.837265 -0.776764 0.209366 0.000000 6.000000 8.000000 17.182220 6.935638 -1.006027 20.331146 2.826462 0.233261 1.962616 1.492889 1.425156 -5.000000 -1.000015 0.800003 58.031418 -12.716385 -8.799927 84.384583 -8.312424 -21.230148 45.810059 -6.955048 -13.889648 0.000000 -12.000000 -2.000000 44.579788 -3.729431 1.699677 77.318787 -11.690414 -13.185257 33.178406 -6.773819 -5.015839 12.000000 -20.000000 -10.000000 37.822708 -0.750000 7.022278 43.424973 -9.995377 -1.689606 11.383514 -3.167770 -0.409897 -48.344360 73.715332 149.925171 -33.390625 61.422516 -9.203384 -79.634483 -11.184036 -6.889603 16.827484 -3.065506 -156.493439 20.143417 35.544357 80.438080 47.570038 -17.375763 3.193985 10.313324 -0.196243 0.045273 0.000000 6.000000 8.000015 30.213608 -6.438629 -6.109726 46.822662 -8.615860 -12.730652 18.828018 -5.155075 -6.525833 -5.000000 -1.000015 0.800034 23.377472 2.405334 0.412994 28.144363 -2.200790 -1.533890 9.029556 -2.038284 -1.128525 0.000000 -12.000000 -2.000000 29.018402 -1.755463 1.706085 45.525421 -11.677841 -7.049026 11.468445 -4.080399 -1.875046 12.000000 -20.000000 -10.000000 19.323837 -3.717010 1.170090 28.541183 -8.217896 -1.794357 1.321365 -0.443390 -0.468842 -8.597015 1.753510 7.017471 -1.369339 0.000137 -0.114380 0.165466 0.651352 18.431610 -89.999996 0.000000 0.000000 173.412170 3.012283 -6.751007 -3.771011 -0.005264 -0.071991 -2.362427 2.632584 0.605484 -89.999996 0.000000 0.000000 
0.010788 102.001656 0.012167 86.804321 4.613861 -100.416122 -11.918259 0.449570 -0.309677 5.382446 0.966095 -0.507919 7.569016 1.037064 -0.341370 6.597137 1.075882 -0.183731 -3.468689 1.070557 -0.212418 -23.474121 -2.089569 -1.016098 0.585419 -2.073181 -1.048935 14.471207 -9.996872 -3.422424 124.138397 79.146301 145.757935 -39.797623 68.317139 -21.589615 -74.851906 -40.682175 0.537933 32.363022 -5.942520 -176.004761 12.825317 37.493698 80.396240 42.761932 -9.641449 2.517715 11.925919 -0.814529 0.218521 0.000000 6.000000 8.000000 17.326904 7.246780 -0.920959 20.372986 2.815643 0.220703 1.989578 1.485901 1.415863 -5.000000 -1.000015 0.800003 54.562790 -11.899063 -7.820084 79.518097 -8.426254 -19.329453 42.600998 -6.778030 -12.634399 0.000000 -12.000000 -2.000000 42.524643 -2.793610 2.083527 74.065552 -11.616608 -12.186050 30.879517 -6.450684 -4.527557 12.000000 -20.000000 -10.000000 36.782852 -0.153015 7.151886 41.913788 -9.686081 -1.512146 10.281830 -2.905548 -0.421738 -49.143036 74.028030 149.030243 -32.750793 62.367737 -10.354782 -80.102425 -13.016663 -6.908829 17.783630 -3.605713 -158.138214 19.818832 35.757446 80.463531 46.383041 -16.622147 3.241425 10.079147 -0.048676 0.014099 0.000000 6.000000 8.000015 27.554108 -5.212906 -5.363571 45.716568 -8.320557 -12.153870 18.137924 -4.916870 -6.159637 -5.000000 -1.000015 0.800034 23.002609 2.728806 0.474167 27.574326 -1.917923 -1.295944 8.646759 -1.865005 -0.953796 0.000000 -12.000000 -2.000000 27.584290 -1.419891 1.668427 43.752716 -11.214447 -6.274231 10.215149 -3.660355 -1.480911 12.000000 -20.000000 -10.000000 18.428101 -3.403671 1.185211 27.204544 -7.742355 -1.524796 0.349838 -0.065170 -0.401428 -8.543274 1.729340 7.139557 -1.241348 0.000000 -0.118973 0.093231 0.623566 18.475021 -89.999996 0.000000 0.000000 173.507019 3.041138 -6.809692 -3.683167 -0.005554 -0.075500 -2.474243 2.675873 0.501678 -89.999996 0.000000 0.000000 
0.011284 102.001740 0.012152 86.750153 4.472961 -100.622704 -11.939606 0.415222 -0.283554 5.340088 0.891571 -0.464355 7.526520 0.956375 -0.310715 6.554474 0.991531 -0.165390 -3.511322 0.986725 -0.191833 -23.384842 -1.862686 -0.863998 0.674606 -1.848755 -0.893265 14.943024 -9.075592 -2.982086 125.083221 78.965393 146.631195 -39.948624 68.008499 -22.264099 -74.758453 -41.212067 0.314987 32.656998 -5.724258 -176.163406 12.825317 37.493698 80.396240 43.195328 -9.833084 2.525314 12.053024 -0.868698 0.231628 0.000000 6.000000 8.000000 17.435165 7.496170 -0.851044 20.400925 2.807800 0.212845 2.007645 1.480927 1.409821 -5.000000 -1.000015 0.800003 51.207993 -11.038071 -6.936508 74.594727 -8.347351 -17.427124 39.380081 -6.516327 -11.394211 0.000000 -12.000000 -2.000000 40.444046 -1.814529 2.416412 70.700180 -11.473175 -11.172043 28.511902 -6.093597 -4.044815 12.000000 -20.000000 -10.000000 35.883713 0.380798 7.233856 40.587982 -9.415451 -1.377045 9.319717 -2.679352 -0.444061 -50.008377 74.378387 148.045776 -32.241119 63.187286 -11.492783 -80.933052 -14.773987 -6.744339 18.633469 -4.047104 -159.350464 19.563339 35.928726 80.471069 45.327560 -15.946732 3.273270 9.976898 0.015305 -0.000809 0.000000 6.000000 8.000015 25.493286 -4.014496 -4.719299 44.538879 -7.996979 -11.541580 17.403015 -4.659546 -5.770798 -5.000000 -1.000015 0.800034 22.573105 3.048447 0.528305 26.902924 -1.583389 -1.016556 8.196106 -1.660355 -0.748444 0.000000 -12.000000 -2.000000 26.324219 -1.197220 1.601501 42.221832 -10.798187 -5.610794 9.129333 -3.290817 -1.143906 12.000000 -20.000000 -10.000000 17.643280 -3.168228 1.191818 26.002045 -7.308975 -1.291138 -0.525299 0.276382 -0.345901 -8.484314 1.714706 7.244186 -1.105972 -0.000443 -0.123947 0.017334 0.595840 18.584732 -89.999996 0.000000 0.000000 173.616760 3.062057 -6.863892 -3.594711 -0.005875 -0.079193 -2.592911 2.714264 0.346207 -89.999996 0.000000 0.000000 
0.011856 102.001816 0.012162 86.696381 4.321747 -100.867935 -11.959229 0.369690 -0.260620 5.301117 0.795624 -0.429733 7.487381 0.856018 -0.292419 6.515121 0.889572 -0.162201 -3.550629 0.884888 -0.185898 -23.315063 -1.612030 -0.684402 0.744324 -1.600952 -0.709747 15.440659 -7.924850 -2.457611 125.957611 78.752716 147.446869 -40.154541 67.704498 -22.986694 -74.732887 -41.734894 0.208817 32.983597 -5.607025 -176.228973 12.825317 37.493683 80.396240 43.728851 -10.069107 2.531967 12.213226 -0.936996 0.248093 0.000000 6.000000 8.000000 17.511490 7.691925 -0.795242 20.406158 2.806168 0.211502 2.011108 1.479889 1.408722 -5.000000 -1.000015 0.800003 47.913055 -10.135513 -6.106903 69.639252 -8.117172 -15.513351 36.157578 -6.190445 -10.163651 0.000000 -12.000000 -2.000000 38.285904 -0.786499 2.734222 67.184662 -11.274567 -10.110931 26.042664 -5.705368 -3.549225 12.000000 -20.000000 -10.000000 35.014221 0.894089 7.309509 39.308868 -9.153397 -1.248032 8.392349 -2.461563 -0.466278 -50.913818 74.754837 147.004578 -31.821793 63.855759 -12.564056 -82.047165 -16.426758 -6.404800 19.316299 -4.346725 -160.112457 19.427032 36.029892 80.452606 44.458237 -15.386261 3.290131 9.950546 0.031494 -0.005539 0.000000 6.000000 8.000015 23.946564 -2.793289 -4.151306 43.350403 -7.658630 -10.927032 16.661255 -4.395020 -5.380127 -5.000000 -1.000015 0.800034 22.127686 3.335373 0.570404 26.199158 -1.230530 -0.725235 7.723740 -1.444778 -0.533768 0.000000 -12.000000 -2.000000 25.272781 -1.123306 1.496704 40.964340 -10.446243 -5.068237 8.234482 -2.983032 -0.868530 12.000000 -20.000000 -10.000000 16.919617 -3.097992 1.136688 24.925919 -6.917816 -1.085388 -1.309250 0.582626 -0.298187 -8.419632 1.710648 7.324158 -0.969147 -0.001526 -0.129166 -0.058945 0.569016 18.756958 -89.999996 0.000000 0.000000 173.738007 3.073669 -6.909088 -3.506317 -0.006210 -0.083008 -2.714890 2.747375 0.145248 -89.999996 0.000000 0.000000 
0.012529 102.001892 0.012202 86.645874 4.164047 -101.138237 -11.978302 0.314758 -0.241470 5.263245 0.681900 -0.404831 7.449295 0.739746 -0.286636 6.476837 0.773743 -0.173737 -3.588882 0.768784 -0.194336 -23.263397 -1.343689 -0.487411 0.795914 -1.335770 -0.508545 15.973785 -6.605820 -1.873993 126.723938 78.516937 148.168610 -40.418472 67.418900 -23.745941 -74.756676 -42.237442 0.193924 33.294952 -5.571899 -176.216797 12.825317 37.493683 80.396210 44.378326 -10.356064 2.537125 12.401917 -1.017471 0.267365 0.000000 6.000000 8.000000 17.564728 7.827744 -0.756317 20.407455 2.805756 0.211166 2.011963 1.479645 1.408447 -5.000000 -1.000015 0.800003 44.766907 -9.227859 -5.326752 64.852036 -7.792236 -13.642242 33.055817 -5.834549 -8.978500 0.000000 -12.000000 -2.000000 36.157288 0.233643 3.032654 63.710907 -11.039352 -9.051010 23.604538 -5.310272 -3.062286 12.000000 -20.000000 -10.000000 34.187637 1.378998 7.381760 38.100662 -8.903778 -1.124939 7.516342 -2.255539 -0.486542 -51.840637 75.142609 145.933319 -31.480072 64.376862 -13.543915 -83.383621 -17.952972 -5.896301 19.804382 -4.507431 -160.449203 19.487122 36.016388 80.405914 43.752151 -14.929443 3.296249 9.959732 0.025421 -0.005127 0.000000 6.000000 8.000015 22.809525 -1.474640 -3.624176 42.197266 -7.317764 -10.335083 15.941528 -4.133194 -5.003189 -5.000000 -1.000015 0.800034 21.706573 3.563721 0.596970 25.523895 -0.889496 -0.447540 7.270401 -1.236725 -0.328461 0.000000 -12.000000 -2.000000 24.459732 -1.252686 1.328384 40.008942 -10.171814 -4.658203 7.552307 -2.746078 -0.660446 12.000000 -20.000000 -10.000000 16.229767 -3.312531 0.964020 23.998825 -6.578125 -0.911072 -1.985153 0.846863 -0.258820 -8.347763 1.716965 7.375900 -0.837448 -0.003616 -0.134521 -0.132080 0.544418 18.981567 -89.999996 0.000000 0.000000 173.867218 3.075623 -6.940659 -3.418030 -0.006561 -0.086868 -2.837311 2.775146 -0.092697 -89.999996 0.000000 0.000000 
0.013257 102.001968 0.012251 86.600372 4.003357 -101.422287 -11.997787 0.252289 -0.226334 5.224503 0.554199 -0.389633 7.410355 0.611282 -0.292755 6.437668 0.647614 -0.198837 -3.628021 0.642029 -0.216064 -23.227249 -1.063080 -0.281570 0.832001 -1.058441 -0.298294 16.547531 -5.173309 -1.253418 127.361481 78.266479 148.775818 -40.739761 67.159622 -24.532135 -74.815788 -42.712250 0.252075 33.554031 -5.602051 -176.132690 12.825317 37.493683 80.396210 45.141754 -10.692520 2.539841 12.613266 -1.107635 0.288788 0.000000 6.000000 8.000000 17.592194 7.897461 -0.736191 20.407379 2.805771 0.211182 2.011917 1.479660 1.408463 -5.000000 -1.000015 0.800003 41.878189 -8.355209 -4.610123 60.429398 -7.420013 -11.882767 30.192795 -5.477661 -7.878906 0.000000 -12.000000 -2.000000 34.173782 1.187637 3.300964 60.474503 -10.787567 -8.049774 21.332672 -4.932785 -2.608765 12.000000 -20.000000 -10.000000 33.444244 1.813873 7.446045 37.024078 -8.679016 -1.014877 6.735474 -2.071594 -0.504425 -52.775681 75.529465 144.851349 -31.206146 64.764206 -14.417084 -84.896294 -19.342896 -5.229141 20.089584 -4.545898 -160.398010 19.791183 35.859711 80.324432 43.183838 -14.561447 3.295364 9.981857 0.011368 -0.002563 0.000000 6.000000 8.000015 21.993317 0.007065 -3.106506 41.097473 -6.980347 -9.775345 15.255112 -3.878387 -4.645981 -5.000000 -1.000015 0.800034 21.332687 3.721344 0.607056 24.909790 -0.576752 -0.197037 6.858093 -1.046234 -0.142502 0.000000 -12.000000 -2.000000 23.889694 -1.624069 1.074905 39.352020 -9.978333 -4.378204 7.081177 -2.580780 -0.518173 12.000000 -20.000000 -10.000000 15.552567 -3.894455 0.640717 23.232239 -6.294983 -0.769958 -2.544525 1.065781 -0.228012 -8.268265 1.732880 7.398743 -0.715805 -0.007034 -0.139893 -0.199173 0.523041 19.247864 -89.999996 0.000000 0.000000 174.000885 3.068298 -6.955673 -3.329575 -0.006927 -0.090729 -2.958298 2.797867 -0.359787 -89.999996 0.000000 0.000000 
0.014009 102.002029 0.012297 86.561554 3.843201 -101.706093 -12.018906 0.185043 -0.215057 5.182510 0.417892 -0.383194 7.368149 0.475784 -0.308914 6.395248 0.516022 -0.234940 -3.670395 0.509506 -0.248627 -23.201431 -0.777878 -0.078369 0.857758 -0.776489 -0.090607 17.165222 -3.695084 -0.625809 127.859070 78.012146 149.256226 -41.114609 66.934280 -25.332321 -74.885506 -43.151413 0.362534 33.730957 -5.671997 -176.001999 12.825317 37.493683 80.396210 45.997940 -11.068634 2.539078 12.834259 -1.201935 0.311035 0.000000 6.000000 8.000000 17.591904 7.896515 -0.736343 20.407379 2.805771 0.211182 2.011917 1.479660 1.408463 -5.000000 -1.000015 0.800003 39.410309 -7.578308 -3.984680 56.652893 -7.063873 -10.343460 27.744659 -5.159012 -6.928787 0.000000 -12.000000 -2.000000 32.492355 1.996094 3.526123 57.737335 -10.553146 -7.188049 19.409973 -4.607788 -2.222733 12.000000 -20.000000 -10.000000 32.832779 2.170197 7.499954 36.152313 -8.495209 -0.924576 6.102905 -1.922256 -0.518295 -53.703217 75.901642 143.782623 -30.983292 65.046646 -15.171982 -86.520462 -20.592361 -4.425919 20.176804 -4.491577 -160.027130 20.376144 35.535980 80.195801 42.708282 -14.253723 3.290527 9.993713 0.003922 -0.000931 0.000000 6.000000 8.000015 21.398483 1.712051 -2.563492 40.077072 -6.656326 -9.260498 14.618210 -3.637421 -4.316620 -5.000000 -1.000015 0.800034 21.024231 3.800293 0.600723 24.387314 -0.308044 0.013947 6.507416 -0.882980 0.014816 0.000000 -12.000000 -2.000000 23.554245 -2.262802 0.716690 38.959244 -9.860458 -4.211456 6.797714 -2.480652 -0.433151 12.000000 -20.000000 -10.000000 14.851242 -4.920578 0.134552 22.618393 -6.066681 -0.659271 -2.992828 1.241394 -0.204651 -8.179932 1.756531 7.395218 -0.609833 -0.012039 -0.145142 -0.257507 0.505478 19.539368 -89.999996 0.000000 0.000000 174.135498 3.052948 -6.950638 -3.240524 -0.007309 -0.094589 -3.076248 2.816330 -0.646149 -89.999996 0.000000 0.000000 
0.014780 102.002090 0.012331 86.530060 3.684265 -101.982025 -12.042480 0.115219 -0.207230 5.135574 0.277283 -0.384171 7.321060 0.337265 -0.333099 6.347977 0.382614 -0.279404 -3.717636 0.374969 -0.289520 -23.178528 -0.494858 0.114288 0.880600 -0.496552 0.106491 17.817093 -2.206482 -0.011261 128.221466 77.765167 149.611725 -41.537552 66.747452 -26.130310 -74.916824 -43.550552 0.506927 33.832932 -5.763321 -175.868698 12.825317 37.493683 80.396210 46.901535 -11.464203 2.534378 13.048767 -1.293503 0.332489 0.000000 6.000000 8.000000 17.564438 7.826294 -0.756302 20.407379 2.805771 0.211182 2.011902 1.479660 1.408463 -5.000000 -1.000015 0.800003 37.502136 -6.949554 -3.487259 53.736877 -6.765121 -9.127243 25.847519 -4.904175 -6.184860 0.000000 -12.000000 -2.000000 31.239563 2.597107 3.694611 55.702927 -10.365906 -6.535065 17.978348 -4.362839 -1.932556 12.000000 -20.000000 -10.000000 32.402527 2.420319 7.538315 35.554001 -8.367752 -0.861847 5.668274 -1.819412 -0.527451 -54.599327 76.252380 142.756287 -30.813202 65.261093 -15.813766 -88.215424 -21.698898 -3.506653 20.090057 -4.377579 -159.394470 21.230240 35.049820 80.010742 42.264542 -13.967896 3.281189 9.998535 0.000900 -0.000229 0.000000 6.000000 8.000015 20.993027 3.619675 -1.989273 39.166992 -6.359940 -8.804428 14.050247 -3.419495 -4.024368 -5.000000 -1.000015 0.800034 20.778152 3.807343 0.580246 23.958328 -0.085312 0.185333 6.219818 -0.748077 0.143143 0.000000 -12.000000 -2.000000 23.445160 -3.150818 0.252548 38.785355 -9.807297 -4.137848 6.670563 -2.435440 -0.395218 12.000000 -20.000000 -10.000000 14.111298 -6.391510 -0.551102 22.140060 -5.887527 -0.575592 -3.342545 1.378571 -0.187897 -8.080704 1.785492 7.371262 -0.522614 -0.018478 -0.150070 -0.306198 0.491699 19.842499 -89.999996 0.000000 0.000000 174.270630 3.031464 -6.923264 -3.150818 -0.007706 -0.098419 -3.191330 2.831909 -0.947083 -89.999996 0.000000 0.000000 
0.015532 102.002144 0.012331 86.505798 3.526138 -102.246925 -12.068863 0.044373 -0.202301 5.083054 0.135330 -0.391129 7.268402 0.198410 -0.363403 6.295181 0.249802 -0.329971 -3.770416 0.240845 -0.336502 -23.153046 -0.218842 0.291794 0.906036 -0.223389 0.288330 18.492371 -0.723694 0.578415 128.462128 77.533478 149.853088 -42.001343 66.601288 -26.911575 -74.868538 -43.908539 0.668106 33.881180 -5.864548 -175.776321 12.825317 37.493683 80.396210 47.810425 -11.860489 2.525803 13.244202 -1.376953 0.351883 0.000000 6.000000 8.000000 17.513626 7.696518 -0.793274 20.407379 2.805771 0.211182 2.011902 1.479660 1.408463 -5.000000 -1.000015 0.800003 36.202438 -6.495102 -3.132324 51.760849 -6.551117 -8.283142 24.553268 -4.727020 -5.671463 0.000000 -12.000000 -2.000000 30.470078 2.963150 3.803040 54.459045 -10.246307 -6.123871 17.099640 -4.212036 -1.750580 12.000000 -20.000000 -10.000000 32.168289 2.555466 7.560699 35.248138 -8.301620 -0.828415 5.445343 -1.766388 -0.531372 -55.444412 76.579926 141.794434 -30.694366 65.436920 -16.349808 -89.951141 -22.664261 -2.487640 19.856598 -4.228928 -158.549072 22.314651 34.419907 79.762085 41.804916 -13.673630 3.265732 10.000000 0.000000 0.000000 0.000000 6.000000 8.000015 20.771805 5.673828 -1.391296 38.399673 -6.105087 -8.421906 13.571609 -3.233826 -3.779007 -5.000000 -1.000015 0.800034 20.584900 3.753006 0.548126 23.616745 0.093658 0.320358 5.991272 -0.640091 0.244537 0.000000 -12.000000 -2.000000 23.552643 -4.246338 -0.305069 38.787750 -9.807312 -4.138611 6.669952 -2.435089 -0.395020 12.000000 -20.000000 -10.000000 13.323151 -8.263412 -1.397430 21.771790 -5.748688 -0.513535 -3.612030 1.484467 -0.176331 -7.969147 1.817825 7.332779 -0.455093 -0.026016 -0.154556 -0.345688 0.481277 20.148087 -89.999996 0.000000 0.000000 174.407104 3.005432 -6.872864 -3.060669 -0.008148 -0.102249 -3.304291 2.845596 -1.260437 -89.999996 0.000000 0.000000 
0.016267 102.002197 0.012304 86.488464 3.367416 -102.497887 -12.098022 -0.025635 -0.199585 5.024963 -0.004471 -0.402191 7.210236 0.062363 -0.397400 6.236908 0.120300 -0.383789 -3.828659 0.109955 -0.386841 -23.118118 0.044373 0.449814 0.940933 0.037277 0.450485 19.169907 0.740891 1.131821 128.601135 77.324585 149.996613 -42.488647 66.498886 -27.653122 -74.691551 -44.221741 0.828949 33.911301 -5.957443 -175.786118 12.825317 37.493683 80.396210 48.672150 -12.234558 2.514053 13.407608 -1.446747 0.367981 0.000000 6.000000 8.000000 17.447983 7.528839 -0.841080 20.407379 2.805771 0.211182 2.011902 1.479660 1.408463 -5.000000 -1.000015 0.800003 35.464371 -6.211212 -2.911087 50.651703 -6.429840 -7.791687 23.818130 -4.627136 -5.374115 0.000000 -12.000000 -2.000000 30.169907 3.100342 3.856216 53.980225 -10.201523 -5.949905 16.757294 -4.155090 -1.673279 12.000000 -20.000000 -10.000000 32.114624 2.584564 7.569016 35.208710 -8.291962 -0.821411 5.415466 -1.758850 -0.530396 -56.217522 76.884399 140.919403 -30.621735 65.610397 -16.795837 -91.683273 -23.498169 -1.401428 19.523315 -4.071793 -157.564713 23.550064 33.689331 79.453094 41.267548 -13.330734 3.241898 10.000000 0.000000 0.000000 0.000000 6.000000 8.000015 20.713074 7.755096 -0.790497 37.819092 -5.910110 -8.133102 13.209747 -3.092636 -3.593872 -5.000000 -1.000015 0.800034 20.430984 3.655106 0.508423 23.352615 0.232986 0.423889 5.815201 -0.556458 0.322342 0.000000 -12.000000 -2.000000 23.861008 -5.465073 -0.923676 38.915771 -9.846191 -4.191467 6.759933 -2.467300 -0.421326 12.000000 -20.000000 -10.000000 12.491913 -10.420959 -2.355423 21.477386 -5.637146 -0.465500 -3.827698 1.569351 -0.167969 -7.843735 1.851028 7.287338 -0.406372 -0.034042 -0.158386 -0.377182 0.473755 20.445679 -89.999996 0.000000 0.000000 174.546997 2.977066 -6.799835 -2.971176 -0.008606 -0.106033 -3.416046 2.858749 -1.583252 -89.999996 0.000000 0.000000 
0.016974 102.002258 0.012230 86.477295 3.205826 -102.737694 -12.129135 -0.093979 -0.198761 4.963013 -0.140518 -0.416595 7.148270 -0.069443 -0.434082 6.174866 -0.004608 -0.439606 -3.890686 -0.016403 -0.439301 -23.070038 0.291077 0.590088 0.988998 0.281723 0.594650 19.815979 2.196793 1.652237 128.656464 77.145935 150.055756 -42.991180 66.446487 -28.342377 -74.304665 -44.483353 0.950272 33.969391 -6.030548 -175.950684 12.825317 37.493683 80.396210 49.440887 -12.566803 2.500488 13.531799 -1.499817 0.380127 0.000000 6.000000 8.000000 17.378143 7.350327 -0.891953 20.407394 2.805771 0.211197 2.011902 1.479660 1.408463 -5.000000 -1.000015 0.800003 35.149750 -6.063049 -2.796432 50.188202 -6.381027 -7.574631 23.504517 -4.586014 -5.243347 0.000000 -12.000000 -2.000000 30.243378 3.056061 3.865555 54.106216 -10.220871 -5.967331 16.840897 -4.173782 -1.679871 12.000000 -20.000000 -10.000000 32.196747 2.534180 7.566589 35.366608 -8.324585 -0.834259 5.528641 -1.785080 -0.525909 -56.884148 77.169220 140.164093 -30.597015 65.800644 -17.169525 -93.372475 -24.201401 -0.284042 19.139618 -3.917816 -156.494217 24.824173 32.923309 79.104309 40.623306 -12.919678 3.207901 9.999985 0.000000 0.000000 0.000000 6.000000 8.000015 20.814606 9.688782 -0.226212 37.470703 -5.792450 -7.959839 12.993149 -3.007904 -3.483139 -5.000000 -1.000015 0.800034 20.304855 3.533035 0.465256 23.155197 0.337570 0.500839 5.684250 -0.494034 0.380020 0.000000 -12.000000 -2.000000 24.358627 -6.697678 -1.553818 39.148407 -9.917130 -4.287704 6.925278 -2.526520 -0.469727 12.000000 -20.000000 -10.000000 11.656448 -12.677094 -3.346130 21.233704 -5.544540 -0.426620 -4.006378 1.639740 -0.161514 -7.704132 1.883484 7.241287 -0.373337 -0.041733 -0.161377 -0.402939 0.468231 20.731613 -89.999996 0.000000 0.000000 174.693359 2.948013 -6.706848 -2.883789 -0.009109 -0.109802 -3.527481 2.871552 -1.915527 -89.999996 0.000000 0.000000 
0.017642 102.002319 0.012126 86.471436 3.039963 -102.969734 -12.161362 -0.160324 -0.199768 4.898849 -0.272186 -0.434097 7.084106 -0.196411 -0.473083 6.110672 -0.124374 -0.497025 -3.954880 -0.137665 -0.493500 -23.007401 0.519485 0.715912 1.051636 0.508118 0.724045 20.403946 3.654282 2.146545 128.638428 77.001831 150.037262 -43.504898 66.448853 -28.975494 -73.650139 -44.686981 0.999176 34.085968 -6.075470 -176.298080 12.825317 37.493683 80.396210 50.091110 -12.846771 2.486374 13.614319 -1.535080 0.388123 0.000000 6.000000 8.000000 17.312698 7.182953 -0.939636 20.407394 2.805771 0.211197 2.011902 1.479660 1.408463 -5.000000 -1.000015 0.800003 35.111099 -6.008789 -2.756348 50.137299 -6.378418 -7.539490 23.464554 -4.582550 -5.222900 0.000000 -12.000000 -2.000000 30.581406 2.883789 3.843735 54.657272 -10.287048 -6.120819 17.225876 -4.246323 -1.746155 12.000000 -20.000000 -10.000000 32.366867 2.432434 7.557022 35.649521 -8.384155 -0.859848 5.732376 -1.832718 -0.519318 -57.419464 77.437500 139.551666 -30.624039 66.014679 -17.491089 -94.988274 -24.773422 0.835648 18.743164 -3.772202 -155.376892 26.050552 32.173935 78.739655 39.859131 -12.430542 3.163071 9.999985 0.000000 0.000000 0.000000 6.000000 8.000015 21.068344 11.337341 0.269775 37.380310 -5.761841 -7.914795 12.937912 -2.986328 -3.454895 -5.000000 -1.000015 0.800034 20.200638 3.400665 0.421631 23.017715 0.410690 0.554138 5.593750 -0.450745 0.419785 0.000000 -12.000000 -2.000000 25.032791 -7.857651 -2.154190 39.478363 -10.017242 -4.424500 7.160645 -2.610626 -0.538803 12.000000 -20.000000 -10.000000 10.857452 -14.874573 -4.302399 21.028687 -5.466446 -0.394348 -4.156906 1.699081 -0.156342 -7.551224 1.914047 7.199203 -0.352539 -0.048462 -0.163467 -0.425125 0.463455 21.004791 -89.999996 0.000000 0.000000 174.847931 2.919464 -6.597076 -2.799622 -0.009644 -0.113525 -3.639114 2.883514 -2.257126 -89.999996 0.000000 0.000000 
0.018283 102.002373 0.012008 86.469238 2.869324 -103.198425 -12.193466 -0.224350 -0.202606 4.834946 -0.398819 -0.454620 7.020248 -0.317917 -0.514252 6.046799 -0.238434 -0.555771 -4.018738 -0.253235 -0.549164 -22.930420 0.728546 0.833481 1.128601 0.715286 0.844894 20.901047 5.120331 2.626846 128.561005 76.896790 149.951721 -44.030823 66.507462 -29.556122 -72.655472 -44.827087 0.918488 34.290421 -6.085556 -176.847778 12.825317 37.493698 80.396210 50.603561 -13.066620 2.473251 13.656204 -1.552994 0.392166 0.000000 6.000000 8.000000 17.260910 7.050400 -0.977371 20.407394 2.805771 0.211197 2.011902 1.479660 1.408463 -5.000000 -1.000015 0.800003 35.166824 -5.994400 -2.749908 50.216965 -6.387054 -7.570053 23.515198 -4.589691 -5.241837 0.000000 -12.000000 -2.000000 31.038940 2.654266 3.807083 55.397873 -10.374588 -6.336380 17.746902 -4.343124 -1.839874 12.000000 -20.000000 -10.000000 32.562668 2.315979 7.544983 35.963928 -8.450638 -0.888962 5.958847 -1.885788 -0.512360 -57.792068 77.693542 139.109863 -30.697311 66.257004 -17.780792 -96.495262 -25.218735 1.918350 18.382019 -3.643707 -154.265015 27.125519 31.506927 78.394409 38.991898 -11.872986 3.108643 9.999985 0.000000 0.000000 0.000000 6.000000 8.000015 21.446426 12.562714 0.666428 37.552673 -5.820496 -7.999893 13.046799 -3.029236 -3.510406 -5.000000 -1.000015 0.800034 20.112411 3.275742 0.381531 22.927277 0.458817 0.589172 5.534744 -0.422516 0.445694 0.000000 -12.000000 -2.000000 25.847153 -8.852112 -2.679718 39.894257 -10.142319 -4.597275 7.457672 -2.716415 -0.626282 12.000000 -20.000000 -10.000000 10.148407 -16.821259 -5.143127 20.852158 -5.399200 -0.366440 -4.286606 1.750198 -0.151825 -7.388199 1.941574 7.166153 -0.339142 -0.053696 -0.164612 -0.446533 0.457703 21.264771 -89.999996 0.000000 0.000000 175.010712 2.892868 -6.476837 -2.719086 -0.010178 -0.117203 -3.751266 2.893738 -2.605682 -89.999996 0.000000 0.000000 
0.018878 102.002426 0.011876 86.469238 2.697189 -103.426216 -12.224197 -0.285950 -0.207840 4.773819 -0.520065 -0.479324 6.959213 -0.433411 -0.558624 5.985748 -0.346069 -0.616791 -4.079773 -0.362473 -0.607285 -22.843994 0.919113 0.951492 1.215027 0.903961 0.965897 21.281342 6.584656 3.108978 128.427399 76.836395 149.800293 -44.588516 66.620087 -30.109879 -71.252106 -44.892502 0.622620 34.587875 -6.063507 -177.577850 12.825317 37.493698 80.396210 50.982269 -13.228683 2.462143 13.663147 -1.555954 0.392838 0.000000 6.000000 8.000000 17.227692 6.965317 -1.001587 20.407394 2.805771 0.211197 2.011902 1.479660 1.408463 -5.000000 -1.000015 0.800003 35.186584 -5.979065 -2.746750 50.228668 -6.380295 -7.582520 23.524704 -4.587341 -5.248444 0.000000 -12.000000 -2.000000 31.498215 2.424805 3.768372 56.138977 -10.461487 -6.554276 18.269806 -4.439835 -1.934952 12.000000 -20.000000 -10.000000 32.738098 2.211792 7.533905 36.241608 -8.509354 -0.914841 6.158569 -1.932602 -0.506332 -57.966446 77.941254 138.870087 -30.808746 66.519348 -18.046356 -97.860092 -25.535889 2.927719 18.084579 -3.537689 -153.189606 27.990067 30.963242 78.098480 38.095703 -11.294510 3.049210 9.999985 0.000000 0.000000 0.000000 6.000000 8.000015 21.913589 13.323288 0.952332 37.954468 -5.956573 -8.198822 13.298859 -3.128174 -3.639053 -5.000000 -1.000015 0.800034 20.041641 3.168304 0.347565 22.875229 0.486572 0.609268 5.501114 -0.406403 0.460419 0.000000 -12.000000 -2.000000 26.747574 -9.642090 -3.108780 40.387268 -10.289078 -4.802628 7.809906 -2.841354 -0.730438 12.000000 -20.000000 -10.000000 9.573700 -18.399124 -5.818344 20.710632 -5.345245 -0.344055 -4.390579 1.791168 -0.148193 -7.221786 1.965881 7.141739 -0.329330 -0.057159 -0.164902 -0.468384 0.450226 21.514557 -89.999996 0.000000 0.000000 175.176788 2.868698 -6.353134 -2.641693 -0.010666 -0.120865 -3.862701 2.900589 -2.956055 -89.999996 0.000000 0.000000 
0.019426 102.002472 0.011761 86.470673 2.527176 -103.653252 -12.252701 -0.345016 -0.215973 4.717194 -0.635620 -0.509109 6.902679 -0.542465 -0.607086 5.929230 -0.446732 -0.680893 -4.136292 -0.464798 -0.668671 -22.753067 1.092896 1.076248 1.305969 1.075760 1.093384 21.532639 8.029266 3.603470 128.242859 76.822998 149.586914 -45.196045 66.781052 -30.663086 -69.408783 -44.870590 0.045975 34.970001 -6.016434 -178.450058 12.825317 37.493698 80.396210 51.242126 -13.339752 2.453476 13.641647 -1.546753 0.390793 0.000000 6.000000 8.000000 17.214172 6.930740 -1.011459 20.407379 2.805771 0.211197 2.011902 1.479660 1.408463 -5.000000 -1.000015 0.800003 35.105530 -5.941422 -2.731232 50.076050 -6.344482 -7.535599 23.427933 -4.565323 -5.216995 0.000000 -12.000000 -2.000000 31.891495 2.228439 3.734741 56.772446 -10.534927 -6.740540 18.717331 -4.522369 -2.016449 12.000000 -20.000000 -10.000000 32.869263 2.133896 7.525589 36.448181 -8.552948 -0.934113 6.306671 -1.967300 -0.501877 -57.925209 78.182861 138.846405 -30.950043 66.793533 -18.289932 -99.061066 -25.727905 3.839355 17.864014 -3.459671 -152.169693 28.624695 30.560410 77.869720 37.239319 -10.739883 2.989395 9.999985 0.000000 0.000000 0.000000 6.000000 8.000015 22.432983 13.646225 1.133041 38.537842 -6.153152 -8.487839 13.664093 -3.271118 -3.825546 -5.000000 -1.000015 0.800034 19.988403 3.084091 0.321198 22.851852 0.499084 0.618256 5.486328 -0.399292 0.466888 0.000000 -12.000000 -2.000000 27.682037 -10.226425 -3.439072 40.941116 -10.452347 -5.033722 8.205307 -2.981110 -0.847733 12.000000 -20.000000 -10.000000 9.150208 -19.565216 -6.311539 20.606659 -5.305588 -0.327637 -4.466949 1.821274 -0.145538 -7.057739 1.987259 7.122940 -0.321228 -0.058975 -0.164413 -0.490433 0.441040 21.757248 -89.999996 0.000000 0.000000 175.340942 2.846893 -6.230865 -2.566727 -0.011093 -0.124481 -3.971832 2.902649 -3.302948 -89.999996 0.000000 0.000000 
0.019940 102.002510 0.011669 86.472168 2.364746 -103.879272 -12.278198 -0.401459 -0.227234 4.666641 -0.745255 -0.544495 6.852234 -0.644760 -0.660095 5.878799 -0.540024 -0.748505 -4.186737 -0.559860 -0.733765 -22.665161 1.253464 1.215057 1.393875 1.234116 1.234695 21.651733 9.426636 4.121414 128.020020 76.858459 149.323639 -45.879532 66.977203 -31.255783 -67.117798 -44.747711 -0.878510 35.419113 -5.956116 -179.401337 12.825317 37.493698 80.396210 51.407974 -13.410599 2.447418 13.600922 -1.529312 0.386917 0.000000 6.000000 8.000000 17.219757 6.945145 -1.007446 20.407379 2.805771 0.211197 2.011902 1.479660 1.408463 -5.000000 -1.000015 0.800003 34.876968 -5.865387 -2.691223 49.691605 -6.270813 -7.400070 23.178818 -4.516739 -5.129166 0.000000 -12.000000 -2.000000 32.159714 2.093979 3.712463 57.203690 -10.584381 -6.865875 19.021805 -4.578506 -2.071365 12.000000 -20.000000 -10.000000 32.940277 2.091614 7.521271 36.560852 -8.576569 -0.944489 6.386780 -1.986038 -0.499374 -57.664345 78.421417 139.039795 -31.109650 67.069687 -18.516953 -100.082726 -25.806564 4.630417 17.727036 -3.413544 -151.225540 29.034592 30.298584 77.715057 36.512589 -10.267868 2.936249 9.999985 0.000000 0.000000 0.000000 6.000000 8.000015 22.957504 13.629364 1.230408 39.224274 -6.382950 -8.828018 14.093307 -3.438522 -4.044876 -5.000000 -1.000015 0.800034 19.950714 3.026382 0.303070 22.844238 0.503159 0.621155 5.481720 -0.397064 0.468903 0.000000 -12.000000 -2.000000 28.571671 -10.629211 -3.680908 41.515472 -10.620148 -5.273651 8.614929 -3.125458 -0.969559 12.000000 -20.000000 -10.000000 8.875870 -20.323273 -6.627563 20.537018 -5.279007 -0.316605 -4.518051 1.841415 -0.143753 -6.903885 2.006378 7.105682 -0.312775 -0.059418 -0.163345 -0.512329 0.430130 21.996750 -89.999996 0.000000 0.000000 175.495544 2.827164 -6.116592 -2.493027 -0.011429 -0.128067 -4.076752 2.898636 -3.639069 -89.999996 0.000000 0.000000 
0.020396 102.002533 0.011632 86.473511 2.215988 -104.100410 -12.300232 -0.454895 -0.241730 4.623032 -0.848145 -0.585556 6.808716 -0.739456 -0.717590 5.835297 -0.625153 -0.819397 -4.230225 -0.646851 -0.802353 -22.587982 1.403763 1.371857 1.471039 1.381912 1.393860 21.649078 10.736267 4.665482 127.761017 76.943329 149.014252 -46.661255 67.193756 -31.921265 -64.427017 -44.511169 -2.177750 35.903259 -5.899277 179.648865 12.825317 37.493698 80.396210 51.500153 -13.450043 2.443695 13.547287 -1.506332 0.381836 0.000000 6.000000 8.000000 17.240005 6.997238 -0.992767 20.407379 2.805771 0.211197 2.011917 1.479660 1.408463 -5.000000 -1.000015 0.800003 34.558441 -5.767197 -2.638947 49.166107 -6.171173 -7.213623 22.837296 -4.450653 -5.008286 0.000000 -12.000000 -2.000000 32.323730 2.011795 3.698532 57.465393 -10.613800 -6.941910 19.206253 -4.612350 -2.104706 12.000000 -20.000000 -10.000000 32.968262 2.074921 7.519592 36.606018 -8.585999 -0.948608 6.418137 -1.993362 -0.498383 -57.193344 78.657562 139.440460 -31.274902 67.339325 -18.724335 -100.915794 -25.785950 5.290176 17.662018 -3.399109 -150.367218 29.266296 30.150803 77.625702 35.991394 -9.928528 2.896652 9.999985 0.000000 0.000000 0.000000 6.000000 8.000015 23.445801 13.432343 1.278320 39.933609 -6.618484 -9.179764 14.536407 -3.610611 -4.271484 -5.000000 -1.000015 0.800034 19.926987 2.990768 0.291855 22.845306 0.502625 0.620712 5.482666 -0.397507 0.468475 0.000000 -12.000000 -2.000000 29.346756 -10.905807 -3.860870 42.059799 -10.778030 -5.501114 9.002899 -3.261841 -1.085129 12.000000 -20.000000 -10.000000 8.723343 -20.752304 -6.802994 20.497803 -5.264023 -0.310425 -4.546753 1.852722 -0.142761 -6.766861 2.024292 7.083862 -0.304642 -0.059082 -0.161957 -0.532104 0.418488 22.235336 -89.999996 0.000000 0.000000 175.633179 2.808670 -6.013718 -2.420807 -0.011658 -0.131531 -4.174149 2.887665 -3.956924 -89.999996 0.000000 0.000000 
0.020792 102.002533 0.011670 86.474640 2.084976 -104.313408 -12.318771 -0.505005 -0.259232 4.586441 -0.943726 -0.631836 6.772232 -0.826080 -0.779022 5.798798 -0.701706 -0.893005 -4.266708 -0.725357 -0.873886 -22.526505 1.546143 1.547882 1.532501 1.521500 1.572098 21.540176 11.929779 5.234100 127.467316 77.076508 148.662567 -47.552002 67.417526 -32.677002 -61.405884 -44.150894 -3.845123 36.396957 -5.859085 178.760101 12.825302 37.493698 80.396210 51.534271 -13.464722 2.441986 13.485474 -1.479874 0.375961 0.000000 6.000000 8.000000 17.271591 7.078430 -0.969864 20.407379 2.805771 0.211197 2.011917 1.479660 1.408463 -5.000000 -1.000015 0.800003 34.194397 -5.659760 -2.581940 48.572632 -6.058212 -7.002731 22.450531 -4.375671 -4.871323 0.000000 -12.000000 -2.000000 32.406372 1.970444 3.691284 57.594940 -10.627991 -6.979614 19.296555 -4.628815 -2.121109 12.000000 -20.000000 -10.000000 32.967697 2.075226 7.519684 36.605850 -8.585922 -0.948547 6.416779 -1.993042 -0.498398 -56.527069 78.891907 140.033722 -31.434952 67.599060 -18.907516 -101.562164 -25.683472 5.820374 17.653580 -3.412949 -149.597153 29.367218 30.087540 77.587799 35.714539 -9.747818 2.874985 9.999985 0.000000 0.000000 0.000000 6.000000 8.000015 23.869965 13.189850 1.305542 40.609390 -6.840759 -9.515137 14.958344 -3.773682 -4.487503 -5.000000 -1.000015 0.800034 19.914200 2.971848 0.285919 22.850235 0.500000 0.618790 5.485977 -0.399078 0.467010 0.000000 -12.000000 -2.000000 29.961990 -11.104187 -4.002762 42.531036 -10.913879 -5.697952 9.338867 -3.379761 -1.185287 12.000000 -20.000000 -10.000000 8.661652 -20.935471 -6.874985 20.482193 -5.258041 -0.307968 -4.558075 1.857193 -0.142395 -6.650604 2.041855 7.052658 -0.297897 -0.058380 -0.160355 -0.548080 0.407333 22.474442 -89.999996 0.000000 0.000000 175.749237 2.790665 -5.923798 -2.350861 -0.011795 -0.134811 -4.261520 2.870026 -4.251862 -89.999996 0.000000 0.000000 
0.021147 102.002533 0.011759 86.476074 1.974884 -104.513847 -12.333817 -0.551575 -0.279251 4.556854 -1.031677 -0.682297 6.742722 -0.904495 -0.843323 5.769272 -0.769714 -0.968231 -4.296219 -0.795349 -0.947266 -22.485413 1.683395 1.742279 1.573547 1.655655 1.768646 21.351730 12.980133 5.821274 127.134857 77.251068 148.267761 -48.548294 67.634583 -33.528168 -58.187874 -43.667038 -5.816925 36.867691 -5.849701 178.001892 12.825302 37.493683 80.396210 51.529739 -13.462845 2.441925 13.421158 -1.452332 0.369843 0.000000 6.000000 8.000000 17.310104 7.177414 -0.941940 20.407379 2.805771 0.211197 2.011917 1.479660 1.408463 -5.000000 -1.000015 0.800003 33.834793 -5.557220 -2.528061 47.994217 -5.946976 -6.797226 22.072098 -4.301865 -4.737366 0.000000 -12.000000 -2.000000 32.434906 1.956192 3.688629 57.637207 -10.632416 -6.991959 19.323929 -4.633728 -2.126114 12.000000 -20.000000 -10.000000 32.954132 2.083267 7.520599 36.584335 -8.581375 -0.946503 6.400284 -1.989166 -0.498871 -55.703911 79.124634 140.782501 -31.575531 67.846344 -19.063705 -102.036301 -25.526566 6.231293 17.679199 -3.443451 -148.912384 29.396194 30.070343 77.580231 35.703476 -9.739822 2.874329 9.999985 0.000000 0.000000 0.000000 6.000000 8.000015 24.197037 13.049484 1.342560 41.190308 -7.029648 -9.803787 15.321091 -3.913025 -4.673492 -5.000000 -1.000015 0.800034 19.908051 2.962967 0.283127 22.853699 0.498169 0.617462 5.488190 -0.400131 0.466049 0.000000 -12.000000 -2.000000 30.381622 -11.278717 -4.133331 42.885971 -11.015717 -5.845978 9.592270 -3.468597 -1.260803 12.000000 -20.000000 -10.000000 8.649963 -20.978928 -6.890045 20.480469 -5.257385 -0.307724 -4.559174 1.857620 -0.142365 -6.557816 2.060394 7.007172 -0.293594 -0.057861 -0.158752 -0.557999 0.398682 22.714417 -89.999996 0.000000 0.000000 175.840790 2.771988 -5.846405 -2.285110 -0.011826 -0.137802 -4.336014 2.846375 -4.520218 -89.999996 0.000000 0.000000 
0.021445 102.002518 0.011924 86.478821 1.886093 -104.696579 -12.345551 -0.594101 -0.301056 4.533936 -1.111206 -0.735367 6.719864 -0.974167 -0.908798 5.746384 -0.828903 -1.043304 -4.319107 -0.856522 -1.020737 -22.464935 1.814621 1.949799 1.593994 1.783600 1.978210 21.110474 13.871353 6.412994 126.742065 77.457336 147.812378 -49.620499 67.838684 -34.446762 -54.942627 -43.072815 -7.964706 37.288559 -5.875122 177.415344 12.825317 37.493683 80.396210 51.494446 -13.447708 2.443237 13.356262 -1.424561 0.363632 0.000000 6.000000 8.000000 17.351959 7.284943 -0.911575 20.407379 2.805771 0.211197 2.011917 1.479660 1.408463 -5.000000 -1.000015 0.800003 33.512634 -5.469040 -2.482117 47.485229 -5.848267 -6.616364 21.737473 -4.236252 -4.618927 0.000000 -12.000000 -2.000000 32.431854 1.957733 3.688797 57.629166 -10.631378 -6.989624 19.314636 -4.632004 -2.124435 12.000000 -20.000000 -10.000000 32.937881 2.092896 7.521683 36.557114 -8.575653 -0.943924 6.380203 -1.984467 -0.499451 -54.765221 79.352295 141.649078 -31.685562 68.081360 -19.189590 -102.355614 -25.341690 6.536942 17.719482 -3.474442 -148.307922 29.396683 30.070618 77.585938 35.920685 -9.880096 2.892670 9.999985 0.000000 0.000000 0.000000 6.000000 8.000015 24.408752 13.076859 1.399963 41.650787 -7.177536 -10.033020 15.608978 -4.022888 -4.821350 -5.000000 -1.000015 0.800034 19.904846 2.958313 0.281693 22.855209 0.497360 0.616867 5.489120 -0.400589 0.465637 0.000000 -12.000000 -2.000000 30.612396 -11.454178 -4.263840 43.108780 -11.079437 -5.938568 9.751999 -3.524612 -1.308304 12.000000 -20.000000 -10.000000 8.657990 -20.962723 -6.881958 20.484161 -5.258789 -0.308319 -4.556412 1.856537 -0.142471 -6.487900 2.080383 6.944855 -0.292526 -0.057693 -0.157227 -0.561066 0.393921 22.952805 -89.999996 0.000000 0.000000 175.909119 2.752213 -5.778595 -2.227188 -0.011780 -0.140381 -4.395233 2.817917 -4.760498 -89.999996 0.000000 0.000000 
0.021670 102.002502 0.012158 86.483490 1.816803 -104.859756 -12.354172 -0.632401 -0.323914 4.517181 -1.182068 -0.789536 6.703171 -1.035110 -0.973923 5.729630 -0.879517 -1.116760 -4.335831 -0.909073 -1.092804 -22.463120 1.938721 2.165634 1.595749 1.904266 2.195969 20.835754 14.603729 6.998428 126.267914 77.687195 147.277832 -50.739243 68.029175 -35.402847 -51.799850 -42.388321 -10.170746 37.644394 -5.934265 177.016785 12.825317 37.493683 80.396210 51.430344 -13.420135 2.445801 13.290833 -1.396561 0.357346 0.000000 6.000000 8.000000 17.394852 7.394989 -0.880463 20.407394 2.805771 0.211197 2.011917 1.479660 1.408463 -5.000000 -1.000015 0.800003 33.246933 -5.400848 -2.446991 47.076172 -5.768280 -6.471039 21.466690 -4.182907 -4.523148 0.000000 -12.000000 -2.000000 32.413345 1.966980 3.690414 57.597198 -10.627792 -6.980270 19.287811 -4.627090 -2.119553 12.000000 -20.000000 -10.000000 32.924393 2.100891 7.522583 36.532288 -8.570435 -0.941559 6.362198 -1.980240 -0.499969 -53.743797 79.571045 142.604095 -31.760544 68.304794 -19.286652 -102.540787 -25.148758 6.753754 17.762863 -3.492798 -147.777527 29.389023 30.075272 77.596771 36.314194 -10.134338 2.926208 10.000000 0.000000 0.000000 0.000000 6.000000 8.000015 24.500900 13.275772 1.475983 41.988281 -7.284515 -10.201508 15.820724 -4.103104 -4.930359 -5.000000 -1.000015 0.800034 19.902344 2.954651 0.280563 22.855637 0.497131 0.616699 5.489380 -0.400711 0.465515 0.000000 -12.000000 -2.000000 30.678894 -11.633041 -4.394699 43.204178 -11.106796 -5.977753 9.821777 -3.549179 -1.328842 12.000000 -20.000000 -10.000000 8.672318 -20.924820 -6.865906 20.488953 -5.260605 -0.309082 -4.552902 1.855164 -0.142593 -6.438583 2.101852 6.866394 -0.294617 -0.057861 -0.155853 -0.557877 0.393173 23.187286 -89.999996 0.000000 0.000000 175.957642 2.731339 -5.717712 -2.179871 -0.011658 -0.142441 -4.438370 2.785538 -4.974014 -89.999996 0.000000 0.000000 
0.021845 102.002480 0.012432 86.490570 1.763641 -105.001678 -12.360214 -0.666351 -0.346924 4.505630 -1.244232 -0.843048 6.691650 -1.087585 -1.036972 5.718048 -0.922058 -1.186890 -4.347397 -0.953476 -1.161774 -22.475189 2.053375 2.382660 1.583603 2.015488 2.414780 20.554398 15.188599 7.563629 125.683105 77.927277 146.638763 -51.857895 68.206512 -36.348740 -48.917664 -41.651550 -12.276886 37.918472 -6.020493 176.808044 12.825317 37.493683 80.396210 51.343384 -13.382660 2.449341 13.225143 -1.368454 0.350983 0.000000 6.000000 8.000000 17.435257 7.498566 -0.851151 20.407394 2.805771 0.211197 2.011917 1.479645 1.408463 -5.000000 -1.000015 0.800003 33.053543 -5.356598 -2.424561 46.790054 -5.711868 -6.369415 21.275452 -4.145035 -4.455536 0.000000 -12.000000 -2.000000 32.397873 1.974686 3.691818 57.571350 -10.624969 -6.972672 19.265442 -4.623032 -2.115448 12.000000 -20.000000 -10.000000 32.918976 2.104095 7.522949 36.517838 -8.567398 -0.940170 6.352158 -1.977890 -0.500244 -52.681419 79.775696 143.609589 -31.794159 68.517105 -19.356110 -102.626038 -24.971481 6.904312 17.798370 -3.487869 -147.312683 29.393585 30.071503 77.604279 36.797012 -10.445587 2.967987 10.000000 0.000000 0.000000 0.000000 6.000000 8.000015 24.476730 13.620544 1.562927 42.209839 -7.353760 -10.312485 15.960831 -4.155777 -5.002655 -5.000000 -1.000015 0.800034 19.898438 2.948990 0.278793 22.855530 0.497192 0.616745 5.489304 -0.400665 0.465561 0.000000 -12.000000 -2.000000 30.630417 -11.812683 -4.522751 43.197784 -11.105331 -5.974258 9.819855 -3.548767 -1.327896 12.000000 -20.000000 -10.000000 8.679077 -20.904846 -6.857864 20.490799 -5.261322 -0.309372 -4.551590 1.854645 -0.142639 -6.406036 2.124268 6.774155 -0.298996 -0.058273 -0.154663 -0.549957 0.396362 23.414276 -89.999996 0.000000 0.000000 175.991577 2.709869 -5.660278 -2.145706 -0.011520 -0.143921 -4.465607 2.750717 -5.163422 -89.999996 0.000000 0.000000 
0.021947 102.002457 0.012758 86.500000 1.722488 -105.121727 -12.364029 -0.695587 -0.369431 4.498459 -1.297150 -0.894485 6.684494 -1.131271 -1.096436 5.710800 -0.956436 -1.252182 -4.354630 -0.989594 -1.226120 -22.494659 2.153458 2.593765 1.564041 2.112228 2.627441 20.285934 15.645630 8.095871 124.962280 78.166840 145.872925 -52.926849 68.373123 -37.232452 -46.399612 -40.908203 -14.156189 38.104111 -6.123306 176.765625 12.825317 37.493683 80.396210 51.235748 -13.336212 2.453690 13.159027 -1.340179 0.344543 0.000000 6.000000 8.000000 17.470932 7.589920 -0.825256 20.407394 2.805771 0.211197 2.011917 1.479645 1.408463 -5.000000 -1.000015 0.800003 32.931244 -5.335022 -2.414017 46.621078 -5.678329 -6.309372 21.160828 -4.122238 -4.415009 0.000000 -12.000000 -2.000000 32.391602 1.977829 3.692383 57.561356 -10.623871 -6.969757 19.255188 -4.621170 -2.113556 12.000000 -20.000000 -10.000000 32.919983 2.103500 7.522888 36.511459 -8.566055 -0.939560 6.348633 -1.977051 -0.500351 -51.595749 79.958344 144.650604 -31.779175 68.716049 -19.399185 -102.639847 -24.817749 7.002045 17.825211 -3.459763 -146.911102 29.404327 30.063828 77.609833 37.270508 -10.750107 3.009415 10.000000 0.000000 0.000000 0.000000 6.000000 8.000015 24.352310 14.032410 1.643616 42.336609 -7.392929 -10.376205 16.042404 -4.186234 -5.044846 -5.000000 -1.000015 0.800034 19.893463 2.941757 0.276535 22.855499 0.497208 0.616760 5.489288 -0.400665 0.465561 0.000000 -12.000000 -2.000000 30.522095 -11.973343 -4.636032 43.131851 -11.087143 -5.945847 9.775986 -3.533737 -1.314377 12.000000 -20.000000 -10.000000 8.682022 -20.895889 -6.854309 20.491333 -5.261520 -0.309464 -4.551208 1.854492 -0.142654 -6.386215 2.146164 6.673477 -0.304367 -0.058731 -0.153656 -0.539764 0.402573 23.628342 -89.999996 0.000000 0.000000 176.015839 2.689102 -5.604294 -2.125107 -0.011337 -0.144852 -4.478806 2.714661 -5.330658 -89.999996 0.000000 0.000000 
0.021970 102.002434 0.013111 86.511383 1.690384 -105.220284 -12.366104 -0.720001 -0.391083 4.494781 -1.340683 -0.943115 6.680786 -1.166168 -1.151581 5.707016 -0.982773 -1.311890 -4.358398 -1.017517 -1.285095 -22.516373 2.235474 2.794388 1.542206 2.191071 2.829315 20.044220 15.994919 8.588272 124.091156 78.398193 144.967010 -53.913773 68.530914 -38.023346 -44.289612 -40.194962 -15.741180 38.200378 -6.233078 176.865936 12.825317 37.493683 80.396210 51.112671 -13.283096 2.458603 13.092545 -1.311752 0.338043 0.000000 6.000000 8.000000 17.500427 7.665390 -0.803848 20.407394 2.805771 0.211197 2.011917 1.479645 1.408463 -5.000000 -1.000015 0.800003 32.873795 -5.333420 -2.413879 46.556274 -5.665405 -6.286270 21.114990 -4.113098 -4.398788 0.000000 -12.000000 -2.000000 32.396637 1.975327 3.691879 57.570435 -10.624832 -6.972473 19.259766 -4.621994 -2.114426 12.000000 -20.000000 -10.000000 32.925812 2.100052 7.522476 36.511139 -8.565994 -0.939529 6.350433 -1.977478 -0.500290 -50.498184 80.113556 145.716797 -31.714294 68.899475 -19.421097 -102.604607 -24.687378 7.055710 17.845474 -3.414902 -146.570007 29.415756 30.055878 77.613739 37.662491 -11.001633 3.044067 9.999985 0.000000 0.000000 0.000000 6.000000 8.000015 24.145615 14.452011 1.706543 42.384842 -7.407516 -10.400589 16.075516 -4.198471 -5.062042 -5.000000 -1.000015 0.800034 19.888092 2.933990 0.274109 22.855499 0.497208 0.616760 5.489288 -0.400665 0.465561 0.000000 -12.000000 -2.000000 30.393707 -12.103638 -4.727234 43.040726 -11.061890 -5.906967 9.714081 -3.512436 -1.295456 12.000000 -20.000000 -10.000000 8.682999 -20.892715 -6.853073 20.491364 -5.261536 -0.309464 -4.551178 1.854477 -0.142654 -6.376343 2.166275 6.568542 -0.309509 -0.059006 -0.152847 -0.529312 0.410889 23.826019 -89.999996 0.000000 0.000000 176.033325 2.670151 -5.548477 -2.116852 -0.011154 -0.145309 -4.480362 2.678055 -5.477661 -89.999996 0.000000 0.000000 
0.021941 102.002411 0.013479 86.523743 1.663254 -105.299393 -12.367020 -0.739731 -0.411560 4.493332 -1.375153 -0.988342 6.679306 -1.192703 -1.201889 5.705429 -1.001541 -1.365570 -4.359955 -1.037720 -1.338257 -22.534454 2.296326 2.979767 1.524017 2.249008 3.015610 19.845245 16.267105 9.035416 123.068298 78.613525 143.921082 -54.787216 68.679016 -38.693390 -42.602295 -39.546692 -16.981949 38.215775 -6.340775 177.064636 12.825317 37.493683 80.396210 50.981598 -13.226471 2.463745 13.026840 -1.283676 0.331573 0.000000 6.000000 8.000000 17.522766 7.722504 -0.787613 20.407394 2.805771 0.211197 2.011917 1.479645 1.408463 -5.000000 -1.000015 0.800003 32.866043 -5.346069 -2.421036 46.567352 -5.667664 -6.290009 21.120575 -4.114258 -4.400696 0.000000 -12.000000 -2.000000 32.413101 1.967148 3.690292 57.598022 -10.627808 -6.980652 19.279465 -4.625549 -2.118073 12.000000 -20.000000 -10.000000 32.934586 2.094864 7.521851 36.514450 -8.566681 -0.939850 6.355652 -1.978699 -0.500153 -49.392883 80.236084 146.804352 -31.598541 69.064041 -19.425018 -102.551750 -24.578125 7.077911 17.861786 -3.363953 -146.282776 29.423813 30.050323 77.615875 37.893661 -11.149445 3.065033 9.999985 0.000000 0.000000 0.000000 6.000000 8.000015 23.888000 14.821457 1.743668 42.375671 -7.404541 -10.395996 16.073029 -4.197479 -5.060776 -5.000000 -1.000015 0.800034 19.882996 2.926575 0.271790 22.855499 0.497208 0.616776 5.489288 -0.400681 0.465561 0.000000 -12.000000 -2.000000 30.283386 -12.196503 -4.791992 42.957367 -11.038803 -5.871429 9.657028 -3.492798 -1.278046 12.000000 -20.000000 -10.000000 8.683014 -20.892731 -6.853073 20.491364 -5.261536 -0.309464 -4.551178 1.854477 -0.142654 -6.372360 2.182877 6.465347 -0.313522 -0.059082 -0.152237 -0.521103 0.419632 24.003906 -89.999996 0.000000 0.000000 176.047302 2.654556 -5.492401 -2.117844 -0.010956 -0.145447 -4.474472 2.642120 -5.607101 -89.999996 0.000000 0.000000 
0.021834 102.002396 0.013862 86.535706 1.638840 -105.361404 -12.367157 -0.754898 -0.430771 4.493408 -1.400864 -1.030014 6.679321 -1.211166 -1.247223 5.705338 -1.013092 -1.413147 -4.360031 -1.050522 -1.385513 -22.546417 2.334457 3.147507 1.511932 2.284485 3.183929 19.697861 16.483383 9.435562 121.920624 78.810211 142.763062 -55.531555 68.812027 -39.235840 -41.296158 -38.984619 -17.897766 38.166748 -6.441147 177.318329 12.825317 37.493683 80.396210 50.848907 -13.169113 2.468857 12.963989 -1.256805 0.325378 0.000000 6.000000 8.000000 17.538361 7.762314 -0.776291 20.407394 2.805771 0.211197 2.011917 1.479645 1.408463 -5.000000 -1.000015 0.800003 32.888611 -5.366074 -2.431885 46.621002 -5.678558 -6.308731 21.156097 -4.121445 -4.413132 0.000000 -12.000000 -2.000000 32.435944 1.955780 3.688110 57.635513 -10.631836 -6.991745 19.307892 -4.630692 -2.123337 12.000000 -20.000000 -10.000000 32.945114 2.088623 7.521118 36.519531 -8.567764 -0.940338 6.362671 -1.980347 -0.499954 -48.274323 80.322723 147.917267 -31.433151 69.204681 -19.412308 -102.500046 -24.480377 7.074173 17.875885 -3.318146 -146.044678 29.425232 30.049286 77.616425 37.932480 -11.173721 3.069427 9.999985 0.000000 0.000000 0.000000 6.000000 8.000015 23.608871 15.116180 1.755280 42.321732 -7.387909 -10.368744 16.042389 -4.186050 -5.044907 -5.000000 -1.000015 0.800034 19.878830 2.920532 0.269913 22.855499 0.497208 0.616776 5.489288 -0.400681 0.465561 0.000000 -12.000000 -2.000000 30.196335 -12.250702 -4.829453 42.887375 -11.019379 -5.841629 9.608475 -3.476059 -1.263245 12.000000 -20.000000 -10.000000 8.682999 -20.892746 -6.853088 20.491364 -5.261536 -0.309464 -4.551178 1.854477 -0.142654 -6.372574 2.194656 6.368423 -0.315720 -0.058929 -0.151840 -0.516830 0.427322 24.160095 -89.999996 0.000000 0.000000 176.058228 2.643509 -5.438065 -2.123749 -0.010773 -0.145401 -4.465347 2.607910 -5.719208 -89.999996 0.000000 0.000000 
0.021670 102.002380 0.014250 86.546478 1.615814 -105.408295 -12.366730 -0.765778 -0.448822 4.494568 -1.418335 -1.068375 6.680405 -1.222061 -1.287933 5.706299 -1.017822 -1.455017 -4.359055 -1.056381 -1.427246 -22.551743 2.350327 3.297195 1.506454 2.297989 3.333832 19.605927 16.657684 9.790207 120.679413 78.987610 141.524811 -56.143051 68.924637 -39.655441 -40.317642 -38.515869 -18.534897 38.068283 -6.534561 177.597778 12.825317 37.493683 80.396210 50.718521 -13.112717 2.473755 12.906052 -1.232056 0.319656 0.000000 6.000000 8.000000 17.548294 7.787674 -0.769058 20.407394 2.805771 0.211197 2.011917 1.479660 1.408463 -5.000000 -1.000015 0.800003 32.925705 -5.387924 -2.443527 46.690994 -5.692841 -6.333160 21.204391 -4.131241 -4.430023 0.000000 -12.000000 -2.000000 32.460709 1.943466 3.685745 57.675156 -10.636108 -7.003479 19.339188 -4.636353 -2.129120 12.000000 -20.000000 -10.000000 32.956238 2.082047 7.520340 36.525162 -8.568939 -0.940872 6.370178 -1.982117 -0.499741 -47.139587 80.373383 149.055969 -31.220200 69.318497 -19.381851 -102.460709 -24.386124 7.049622 17.887192 -3.285751 -145.851181 29.419739 30.052933 77.615295 37.775665 -11.072571 3.056824 9.999985 0.000000 0.000000 0.000000 6.000000 8.000015 23.326904 15.337967 1.746033 42.230927 -7.360031 -10.322784 15.988205 -4.165909 -5.016785 -5.000000 -1.000015 0.800034 19.875763 2.916077 0.268509 22.855499 0.497208 0.616776 5.489304 -0.400681 0.465561 0.000000 -12.000000 -2.000000 30.126678 -12.270691 -4.842529 42.824066 -11.001694 -5.814789 9.563400 -3.460464 -1.249557 12.000000 -20.000000 -10.000000 8.682999 -20.892746 -6.853088 20.491364 -5.261536 -0.309464 -4.551178 1.854477 -0.142654 -6.375732 2.201065 6.279236 -0.316223 -0.058609 -0.151611 -0.516663 0.433609 24.294876 -89.999996 0.000000 0.000000 176.065979 2.637466 -5.387100 -2.131241 -0.010605 -0.145325 -4.455887 2.576157 -5.814117 -89.999996 0.000000 0.000000 
0.021478 102.002365 0.014646 86.555115 1.592529 -105.443420 -12.365891 -0.773056 -0.465744 4.496490 -1.428879 -1.103683 6.682236 -1.226639 -1.324509 5.708008 -1.016922 -1.491852 -4.357315 -1.056458 -1.464096 -22.551193 2.346512 3.429413 1.506866 2.292084 3.465973 19.568314 16.808273 10.103455 119.396332 79.146576 140.257538 -56.626732 69.011963 -39.967911 -39.589584 -38.136002 -18.961792 37.943283 -6.621643 177.866425 12.825317 37.493683 80.396210 50.595703 -13.059555 2.478241 12.855057 -1.210281 0.314606 0.000000 6.000000 8.000000 17.553772 7.801620 -0.765076 20.407394 2.805771 0.211182 2.011902 1.479660 1.408463 -5.000000 -1.000015 0.800003 32.962387 -5.406479 -2.453293 46.754272 -5.705872 -6.355148 21.249863 -4.140518 -4.445892 0.000000 -12.000000 -2.000000 32.483673 1.932053 3.683578 57.710922 -10.639969 -7.014053 19.368195 -4.641602 -2.134476 12.000000 -20.000000 -10.000000 32.967514 2.075378 7.519547 36.531418 -8.570267 -0.941483 6.377792 -1.983902 -0.499527 -45.993896 80.390076 150.211548 -30.967682 69.403687 -19.334869 -102.444626 -24.286514 7.011841 17.893158 -3.270294 -145.690750 29.407379 30.061264 77.612488 37.444305 -10.859467 3.028763 9.999985 0.000000 0.000000 0.000000 6.000000 8.000015 23.063095 15.495209 1.723068 42.116089 -7.324814 -10.264618 15.918076 -4.139862 -4.980362 -5.000000 -1.000015 0.800034 19.873901 2.913376 0.267670 22.855499 0.497208 0.616776 5.489304 -0.400681 0.465561 0.000000 -12.000000 -2.000000 30.064117 -12.263290 -4.835724 42.755783 -10.982468 -5.785980 9.513351 -3.443069 -1.234451 12.000000 -20.000000 -10.000000 8.682999 -20.892746 -6.853088 20.491364 -5.261536 -0.309464 -4.551178 1.854477 -0.142654 -6.380325 2.202026 6.198898 -0.315308 -0.058151 -0.151520 -0.520233 0.438324 24.410095 -89.999996 0.000000 0.000000 176.070892 2.636459 -5.340500 -2.136871 -0.010452 -0.145325 -4.449295 2.547852 -5.893814 -89.999996 0.000000 0.000000 
0.021256 102.002357 0.015059 86.561340 1.568726 -105.469460 -12.364456 -0.777527 -0.481445 4.499557 -1.434113 -1.135910 6.685196 -1.226471 -1.357147 5.710831 -1.011917 -1.524124 -4.354446 -1.052322 -1.496475 -22.547699 2.327286 3.545532 1.510239 2.271027 3.581757 19.576096 16.940903 10.378784 118.136719 79.286682 139.024597 -56.992516 69.071182 -40.190002 -39.046097 -37.833618 -19.246597 37.811737 -6.705780 178.109070 12.825317 37.493683 80.396210 50.485580 -13.011887 2.482178 12.811478 -1.191666 0.310272 0.000000 6.000000 8.000000 17.556046 7.807434 -0.763412 20.407394 2.805771 0.211182 2.011902 1.479660 1.408463 -5.000000 -1.000015 0.800003 33.000214 -5.422363 -2.461563 46.817566 -5.718857 -6.377197 21.295990 -4.149902 -4.462006 0.000000 -12.000000 -2.000000 32.505615 1.921158 3.681473 57.745148 -10.643646 -7.024185 19.395706 -4.646576 -2.139572 12.000000 -20.000000 -10.000000 32.980011 2.067993 7.518661 36.540527 -8.572174 -0.942352 6.386780 -1.986008 -0.499283 -44.859833 80.377136 151.358582 -30.685898 69.459473 -19.272171 -102.450668 -24.178558 6.965408 17.888306 -3.265945 -145.551392 29.390778 30.072464 77.608612 36.995972 -10.571198 2.989914 9.999985 0.000000 0.000000 0.000000 6.000000 8.000015 22.825653 15.611496 1.694809 41.986008 -7.284866 -10.198685 15.837219 -4.109818 -4.938370 -5.000000 -1.000015 0.800034 19.873337 2.912552 0.267426 22.855499 0.497208 0.616776 5.489304 -0.400681 0.465561 0.000000 -12.000000 -2.000000 29.991241 -12.237549 -4.815155 42.665787 -10.956970 -5.748138 9.446671 -3.419846 -1.214401 12.000000 -20.000000 -10.000000 8.682999 -20.892746 -6.853088 20.491364 -5.261536 -0.309464 -4.551178 1.854477 -0.142654 -6.385834 2.198685 6.126617 -0.314041 -0.057800 -0.151535 -0.525513 0.442154 24.508575 -89.999996 0.000000 0.000000 176.072693 2.639511 -5.298279 -2.139313 -0.010345 -0.145462 -4.446640 2.523193 -5.960464 -89.999996 0.000000 0.000000 
0.021038 102.002357 0.015499 86.564972 1.544266 -105.489052 -12.362289 -0.779953 -0.495743 4.504044 -1.435623 -1.164917 6.689575 -1.223175 -1.385986 5.715103 -1.004364 -1.552155 -4.350174 -1.045532 -1.524704 -22.543594 2.296982 3.647156 1.514221 2.239120 3.682892 19.618301 17.059341 10.619934 116.950378 79.408356 137.874054 -57.252419 69.102707 -40.334991 -38.638412 -37.596375 -19.438782 37.688370 -6.788101 178.318054 12.825317 37.493683 80.396210 50.391434 -12.971115 2.485474 12.774597 -1.175919 0.306580 0.000000 6.000000 8.000000 17.555847 7.806946 -0.763550 20.407394 2.805771 0.211182 2.011902 1.479660 1.408447 -5.000000 -1.000015 0.800003 33.045303 -5.437927 -2.469635 46.893997 -5.734329 -6.404037 21.350800 -4.160965 -4.481247 0.000000 -12.000000 -2.000000 32.529160 1.909454 3.679199 57.782990 -10.647705 -7.035431 19.424881 -4.651840 -2.144989 12.000000 -20.000000 -10.000000 32.995438 2.058884 7.517563 36.555359 -8.575302 -0.943802 6.398834 -1.988846 -0.498962 -43.762375 80.339417 152.470184 -30.385803 69.487122 -19.194534 -102.476006 -24.064346 6.916000 17.868896 -3.264267 -145.421783 29.372665 30.084625 77.604401 36.483490 -10.241318 2.944641 9.999985 0.000000 0.000000 0.000000 6.000000 8.000015 22.616669 15.703232 1.666473 41.848923 -7.242706 -10.129211 15.750687 -4.077637 -4.893433 -5.000000 -1.000015 0.800034 19.873734 2.913147 0.267609 22.855499 0.497208 0.616776 5.489304 -0.400681 0.465561 0.000000 -12.000000 -2.000000 29.898254 -12.199234 -4.784943 42.544754 -10.922577 -5.697250 9.357346 -3.388718 -1.187546 12.000000 -20.000000 -10.000000 8.682983 -20.892746 -6.853088 20.491364 -5.261536 -0.309464 -4.551178 1.854477 -0.142654 -6.391800 2.192108 6.061142 -0.313431 -0.057632 -0.151627 -0.531326 0.445160 24.593811 -89.999996 0.000000 0.000000 176.071808 2.645676 -5.260178 -2.138611 -0.010269 -0.145752 -4.448013 2.502151 -6.016739 -89.999996 0.000000 0.000000 
0.020834 102.002365 0.015957 86.566284 1.519089 -105.506104 -12.359238 -0.781494 -0.508438 4.510269 -1.435730 -1.190552 6.695709 -1.219055 -1.411285 5.721100 -0.996536 -1.576553 -4.344131 -1.038345 -1.549316 -22.541245 2.261719 3.736984 1.516449 2.202469 3.772156 19.678162 17.168747 10.833115 115.893188 79.510620 136.858337 -57.427238 69.109863 -40.422134 -38.308853 -37.405106 -19.592987 37.586716 -6.869629 178.492218 12.825317 37.493683 80.396210 50.317841 -12.939240 2.488007 12.742340 -1.162155 0.303360 0.000000 6.000000 8.000000 17.554092 7.802444 -0.764832 20.407394 2.805771 0.211182 2.011902 1.479660 1.408447 -5.000000 -1.000015 0.800003 33.109802 -5.458038 -2.480164 47.008453 -5.757095 -6.444611 21.429520 -4.176651 -4.509033 0.000000 -12.000000 -2.000000 32.560501 1.893921 3.676132 57.836395 -10.653366 -7.051331 19.463806 -4.658844 -2.152237 12.000000 -20.000000 -10.000000 33.015076 2.047287 7.516144 36.578400 -8.580139 -0.946030 6.415634 -1.992798 -0.498505 -42.729370 80.285431 153.516998 -30.081268 69.490707 -19.103439 -102.515236 -23.948868 6.870163 17.831161 -3.255798 -145.290146 29.356094 30.095734 77.600830 35.974930 -9.913406 2.898788 9.999985 0.000000 0.000000 0.000000 6.000000 8.000015 22.438934 15.785126 1.643051 41.718613 -7.202560 -10.063156 15.667267 -4.046585 -4.850128 -5.000000 -1.000015 0.800034 19.874847 2.914749 0.268112 22.855499 0.497208 0.616760 5.489304 -0.400681 0.465561 0.000000 -12.000000 -2.000000 29.782883 -12.156174 -4.750778 42.392609 -10.879303 -5.633240 9.245850 -3.349854 -1.154007 12.000000 -20.000000 -10.000000 8.682983 -20.892746 -6.853088 20.491364 -5.261536 -0.309464 -4.551178 1.854477 -0.142654 -6.397964 2.184113 6.000656 -0.314133 -0.057709 -0.151749 -0.535568 0.448364 24.670868 -89.999996 0.000000 0.000000 176.068878 2.653305 -5.225281 -2.135284 -0.010239 -0.146133 -4.452881 2.484024 -6.067169 -89.999996 0.000000 0.000000 
0.020664 102.002373 0.016439 86.566010 1.493896 -105.522247 -12.355270 -0.783005 -0.519257 4.518326 -1.436172 -1.212433 6.703674 -1.215881 -1.432953 5.728973 -0.990189 -1.597504 -4.336243 -1.032578 -1.570419 -22.541351 2.225815 3.816101 1.516251 2.165329 3.850693 19.742264 17.268448 11.020401 115.007507 79.588196 136.015656 -57.530518 69.097549 -40.458282 -38.037186 -37.247513 -19.725494 37.509033 -6.947830 178.641083 12.825317 37.493683 80.396210 50.270218 -12.918610 2.489624 12.712402 -1.149384 0.300339 0.000000 6.000000 8.000000 17.550476 7.793259 -0.767456 20.407379 2.805771 0.211182 2.011902 1.479660 1.408447 -5.000000 -1.000015 0.800003 33.208557 -5.488144 -2.496063 47.188812 -5.792526 -6.508789 21.549789 -4.200409 -4.551605 0.000000 -12.000000 -2.000000 32.605759 1.871475 3.671631 57.916855 -10.661835 -7.075333 19.520706 -4.669067 -2.162857 12.000000 -20.000000 -10.000000 33.040115 2.032501 7.514328 36.611801 -8.587173 -0.949280 6.439316 -1.998352 -0.497864 -41.787933 80.222534 154.471649 -29.781281 69.474823 -19.000412 -102.560120 -23.841293 6.829498 17.774368 -3.234344 -145.150421 29.347137 30.101852 77.599152 35.514679 -9.616089 2.856232 9.999985 0.000000 0.000000 0.000000 6.000000 8.000015 22.291656 15.857178 1.624695 41.607498 -7.168274 -10.006836 15.595047 -4.019684 -4.812622 -5.000000 -1.000015 0.800034 19.876343 2.916931 0.268784 22.855499 0.497208 0.616760 5.489304 -0.400681 0.465561 0.000000 -12.000000 -2.000000 29.658249 -12.112442 -4.715958 42.225693 -10.831787 -5.562943 9.124268 -3.307480 -1.117432 12.000000 -20.000000 -10.000000 8.682983 -20.892746 -6.853088 20.491364 -5.261536 -0.309464 -4.551178 1.854477 -0.142654 -6.404678 2.176727 5.942963 -0.316010 -0.057999 -0.151825 -0.536591 0.452866 24.743073 -89.999996 0.000000 0.000000 176.064514 2.660461 -5.192307 -2.130981 -0.010223 -0.146561 -4.459366 2.468048 -6.114792 -89.999996 0.000000 0.000000 
0.020550 102.002380 0.016940 86.564880 1.469147 -105.538834 -12.350510 -0.785004 -0.527924 4.527969 -1.438110 -1.230164 6.713242 -1.214874 -1.450760 5.738480 -0.986542 -1.614975 -4.326721 -1.029388 -1.587982 -22.543533 2.191772 3.885315 1.513992 2.130203 3.919373 19.801773 17.359482 11.183731 114.317230 79.637848 135.365448 -57.575592 69.070755 -40.449463 -37.809357 -37.114670 -19.842941 37.453201 -7.020569 178.777161 12.825317 37.493683 80.396210 50.251999 -12.910721 2.490250 12.682785 -1.136749 0.297348 0.000000 6.000000 8.000000 17.544754 7.778656 -0.771622 20.407379 2.805771 0.211182 2.011902 1.479660 1.408447 -5.000000 -1.000015 0.800003 33.352173 -5.532303 -2.519562 47.455048 -5.844406 -6.603622 21.724167 -4.234665 -4.613388 0.000000 -12.000000 -2.000000 32.669006 1.840149 3.665329 58.032043 -10.673874 -7.109680 19.601181 -4.683487 -2.177917 12.000000 -20.000000 -10.000000 33.070740 2.014420 7.512115 36.655960 -8.596466 -0.953568 6.470825 -2.005753 -0.497025 -40.953262 80.155823 155.319397 -29.492981 69.443665 -18.891403 -102.604958 -23.746536 6.793701 17.699188 -3.198013 -144.999741 29.349930 30.100418 77.600159 35.122787 -9.362610 2.818954 9.999985 0.000000 0.000000 0.000000 6.000000 8.000015 22.176056 15.914993 1.610611 41.524139 -7.142532 -9.964569 15.539795 -3.999100 -4.783936 -5.000000 -1.000015 0.800034 19.877960 2.919281 0.269516 22.855499 0.497208 0.616760 5.489304 -0.400681 0.465561 0.000000 -12.000000 -2.000000 29.539963 -12.071671 -4.683472 42.063385 -10.785553 -5.494537 9.006622 -3.266479 -1.082016 12.000000 -20.000000 -10.000000 8.682983 -20.892746 -6.853088 20.491364 -5.261536 -0.309464 -4.551178 1.854477 -0.142654 -6.412048 2.171494 5.886978 -0.318787 -0.058395 -0.151810 -0.533554 0.459183 24.812668 -89.999996 0.000000 0.000000 176.059326 2.665710 -5.160187 -2.126709 -0.010208 -0.146973 -4.466095 2.453262 -6.162140 -89.999996 0.000000 0.000000 
0.020476 102.002380 0.017449 86.564087 1.445465 -105.556961 -12.345245 -0.788055 -0.534348 4.538559 -1.442612 -1.243683 6.723801 -1.217072 -1.464828 5.748993 -0.986633 -1.629211 -4.316208 -1.029877 -1.602203 -22.546585 2.162048 3.945892 1.510864 2.099518 3.979446 19.848511 17.444321 11.326431 113.833344 79.656738 134.913849 -57.583885 69.034668 -40.408554 -37.605392 -36.993912 -19.950699 37.416962 -7.084778 178.910370 12.825317 37.493683 80.396210 50.261810 -12.914963 2.489990 12.651505 -1.123413 0.294174 0.000000 6.000000 8.000000 17.537033 7.759003 -0.777237 20.407379 2.805771 0.211182 2.011902 1.479660 1.408447 -5.000000 -1.000015 0.800003 33.545319 -5.592758 -2.551895 47.815506 -5.914185 -6.731995 21.958328 -4.280487 -4.696365 0.000000 -12.000000 -2.000000 32.751053 1.799484 3.657120 58.183517 -10.689636 -7.154831 19.706818 -4.702393 -2.197678 12.000000 -20.000000 -10.000000 33.106171 1.993500 7.509537 36.709503 -8.607712 -0.958771 6.509491 -2.014847 -0.495987 -40.227997 80.090637 156.057892 -29.221954 69.402725 -18.782730 -102.644188 -23.669525 6.762039 17.610336 -3.149307 -144.837357 29.373810 30.085556 77.605133 34.808044 -9.158997 2.787766 9.999985 0.000000 0.000000 0.000000 6.000000 8.000015 22.090683 15.956543 1.600021 41.475677 -7.127563 -9.939972 15.506531 -3.986710 -4.766647 -5.000000 -1.000015 0.800034 19.879410 2.921387 0.270187 22.855499 0.497208 0.616760 5.489304 -0.400681 0.465561 0.000000 -12.000000 -2.000000 29.444504 -12.038605 -4.657150 41.927231 -10.746735 -5.437119 8.908585 -3.232315 -1.052490 12.000000 -20.000000 -10.000000 8.682983 -20.892746 -6.853088 20.491364 -5.261536 -0.309464 -4.551178 1.854477 -0.142654 -6.420090 2.170227 5.831390 -0.321884 -0.058807 -0.151672 -0.525314 0.468262 24.881821 -89.999996 0.000000 0.000000 176.053925 2.667221 -5.128143 -2.123367 -0.010208 -0.147308 -4.471390 2.438919 -6.211258 -89.999996 0.000000 0.000000 
0.020464 102.002388 0.017962 86.564575 1.423386 -105.574844 -12.340027 -0.792145 -0.538712 4.549103 -1.449692 -1.253357 6.734329 -1.222458 -1.475540 5.759491 -0.990372 -1.640594 -4.305710 -1.033905 -1.613495 -22.548126 2.136078 3.997986 1.509277 2.072754 4.031128 19.884186 17.524597 11.449860 113.542725 79.642944 134.644409 -57.570259 68.991302 -40.343475 -37.415756 -36.877945 -20.042389 37.395111 -7.138382 179.041870 12.825363 37.493652 80.396210 50.302505 -12.932556 2.488724 12.619232 -1.109650 0.290894 0.000000 6.000000 8.000000 17.527649 7.735062 -0.784073 20.407379 2.805771 0.211182 2.011902 1.479660 1.408447 -5.000000 -1.000015 0.800003 33.777496 -5.666412 -2.591415 48.250870 -5.998001 -6.886932 22.240356 -4.335495 -4.796310 0.000000 -12.000000 -2.000000 32.843857 1.753510 3.647812 58.356400 -10.707550 -7.206345 19.827957 -4.724075 -2.220337 12.000000 -20.000000 -10.000000 33.145172 1.970490 7.506699 36.770538 -8.620529 -0.964706 6.554169 -2.025345 -0.494781 -39.590515 80.029022 156.708252 -28.962479 69.356140 -18.675110 -102.677605 -23.612595 6.733017 17.515305 -3.095383 -144.667480 29.430527 30.049774 77.615143 34.546021 -8.989929 2.760223 9.999985 0.000000 0.000000 0.000000 6.000000 8.000015 22.034775 15.980728 1.592422 41.460907 -7.123032 -9.932434 15.495010 -3.982437 -4.760651 -5.000000 -1.000015 0.800034 19.880539 2.923019 0.270691 22.855499 0.497208 0.616760 5.489288 -0.400681 0.465561 0.000000 -12.000000 -2.000000 29.381836 -12.016464 -4.639572 41.831573 -10.719452 -5.396713 8.840515 -3.208588 -1.031967 12.000000 -20.000000 -10.000000 8.682983 -20.892746 -6.853088 20.491364 -5.261536 -0.309464 -4.551178 1.854477 -0.142654 -6.428650 2.173828 5.775970 -0.324570 -0.059204 -0.151382 -0.511826 0.479858 24.949188 -89.999996 0.000000 0.000000 176.048462 2.663986 -5.095947 -2.120972 -0.010193 -0.147568 -4.473785 2.424774 -6.260818 -89.999996 0.000000 0.000000 
0.020513 102.002388 0.018457 86.567108 1.403229 -105.590370 -12.335281 -0.797150 -0.541382 4.558701 -1.458954 -1.259888 6.743942 -1.230515 -1.483505 5.769073 -0.997162 -1.649673 -4.296112 -1.040939 -1.622391 -22.546463 2.112732 4.042038 1.510880 2.048721 4.074799 19.914169 17.602066 11.556015 113.422577 79.597076 134.532837 -57.546432 68.941116 -40.264252 -37.233215 -36.760315 -20.115479 37.383133 -7.179626 179.169617 12.825562 37.493561 80.396271 50.374084 -12.963577 2.486420 12.587372 -1.096069 0.287643 0.000000 6.000000 8.000000 17.517212 7.708450 -0.791687 20.407379 2.805771 0.211197 2.011902 1.479660 1.408447 -5.000000 -1.000015 0.800003 34.033218 -5.748276 -2.635452 48.733047 -6.090332 -7.058365 22.552124 -4.396133 -4.906754 0.000000 -12.000000 -2.000000 32.937973 1.706863 3.638367 58.533447 -10.725845 -7.259079 19.952667 -4.746368 -2.243668 12.000000 -20.000000 -10.000000 33.186066 1.946335 7.503708 36.836456 -8.634384 -0.971115 6.603134 -2.036835 -0.493469 -39.013626 79.971741 157.296448 -28.707626 69.307343 -18.569611 -102.706650 -23.574005 6.706161 17.420334 -3.042862 -144.493622 29.528305 29.987778 77.630646 34.310745 -8.838882 2.733704 9.999985 0.000000 0.000000 0.000000 6.000000 8.000015 22.004684 15.989700 1.587448 41.475250 -7.127533 -9.939636 15.502808 -3.985367 -4.764679 -5.000000 -1.000015 0.800034 19.881256 2.924072 0.271011 22.855499 0.497208 0.616760 5.489288 -0.400681 0.465561 0.000000 -12.000000 -2.000000 29.354309 -12.006195 -4.631439 41.780411 -10.704880 -5.375046 8.805222 -3.196320 -1.021301 12.000000 -20.000000 -10.000000 8.682983 -20.892746 -6.853088 20.491364 -5.261536 -0.309464 -4.551178 1.854477 -0.142654 -6.437866 2.182648 5.720276 -0.325790 -0.059433 -0.150940 -0.493423 0.493668 25.013245 -89.999996 0.000000 0.000000 176.042694 2.655502 -5.063705 -2.119019 -0.010162 -0.147705 -4.472504 2.410721 -6.308609 -89.999996 0.000000 0.000000 
0.020597 102.002388 0.018939 86.572113 1.385239 -105.600166 -12.331497 -0.802826 -0.543030 4.566376 -1.469803 -1.264526 6.751633 -1.240448 -1.489883 5.776764 -1.006042 -1.657440 -4.288422 -1.050018 -1.629913 -22.540085 2.090240 4.079269 1.517212 2.025635 4.111679 19.945847 17.678986 11.648697 113.429138 79.522522 134.535126 -57.526649 68.885559 -40.183319 -37.047119 -36.633362 -20.171799 37.377487 -7.210251 179.290588 12.824707 37.493988 80.396057 50.479462 -13.009262 2.482895 12.559372 -1.084122 0.284805 0.000000 6.000000 8.000000 17.506195 7.680359 -0.799713 20.407379 2.805771 0.211197 2.011902 1.479660 1.408447 -5.000000 -1.000015 0.800003 34.294357 -5.832489 -2.680771 49.228165 -6.184692 -7.234100 22.872147 -4.458221 -5.020004 0.000000 -12.000000 -2.000000 33.020462 1.665985 3.630096 58.690781 -10.742081 -7.305893 20.064514 -4.766357 -2.264572 12.000000 -20.000000 -10.000000 33.225388 1.923096 7.500870 36.901749 -8.648087 -0.977432 6.652206 -2.048370 -0.492126 -38.460602 79.918610 157.857452 -28.446350 69.260193 -18.463913 -102.734245 -23.550812 6.680862 17.332932 -2.998154 -144.318985 29.673050 29.895447 77.651123 34.069031 -8.684448 2.704712 9.999985 0.000000 0.000000 0.000000 6.000000 8.000015 21.993683 15.987488 1.584442 41.509140 -7.138107 -9.956726 15.524200 -3.993408 -4.775757 -5.000000 -1.000015 0.800034 19.881485 2.924393 0.271118 22.855499 0.497208 0.616760 5.489288 -0.400681 0.465561 0.000000 -12.000000 -2.000000 29.361038 -12.007660 -4.632599 41.774246 -10.703247 -5.372238 8.802963 -3.195618 -1.020508 12.000000 -20.000000 -10.000000 8.682983 -20.892746 -6.853088 20.491364 -5.261536 -0.309464 -4.551178 1.854477 -0.142654 -6.447693 2.196350 5.663696 -0.324493 -0.059341 -0.150375 -0.471313 0.508652 25.071716 -89.999996 0.000000 0.000000 176.036469 2.641891 -5.030823 -2.117126 -0.010101 -0.147736 -4.466858 2.397125 -6.351883 -89.999996 0.000000 0.000000 
0.020729 102.002380 0.019394 86.579224 1.369385 -105.600426 -12.328918 -0.808746 -0.544357 4.571625 -1.481216 -1.268539 6.756897 -1.251053 -1.495728 5.782043 -1.015656 -1.664795 -4.283142 -1.059830 -1.637024 -22.528625 2.066055 4.110504 1.528625 2.000961 4.142532 19.987869 17.755386 11.730225 113.515778 79.425690 134.606567 -57.515709 68.825989 -40.107285 -36.847702 -36.493042 -20.219864 37.376022 -7.230255 179.395752 12.822083 37.495270 80.395386 50.634323 -13.076614 2.477112 12.538742 -1.075333 0.282715 0.000000 6.000000 8.000000 17.494659 7.650940 -0.808121 20.407379 2.805771 0.211197 2.011902 1.479660 1.408447 -5.000000 -1.000015 0.800003 34.532455 -5.909271 -2.721924 49.685028 -6.271698 -7.395721 23.167267 -4.515503 -5.124283 0.000000 -12.000000 -2.000000 33.075974 1.638474 3.624557 58.800232 -10.753387 -7.338440 20.143433 -4.780472 -2.279312 12.000000 -20.000000 -10.000000 33.265762 1.899231 7.498001 36.970901 -8.662598 -0.984100 6.704269 -2.060577 -0.490692 -37.903427 79.866974 158.417603 -28.167358 69.216278 -18.351746 -102.764069 -23.537582 6.656616 17.257248 -2.963882 -144.148773 29.865936 29.771667 77.675507 33.791504 -8.507675 2.669998 9.999985 0.000000 0.000000 0.000000 6.000000 8.000015 21.995285 15.979355 1.583069 41.547333 -7.150024 -9.976013 15.549469 -4.002869 -4.788849 -5.000000 -1.000015 0.800034 19.881378 2.924225 0.271072 22.855499 0.497208 0.616760 5.489288 -0.400681 0.465561 0.000000 -12.000000 -2.000000 29.386078 -12.015549 -4.638840 41.793152 -10.708878 -5.379959 8.819290 -3.201431 -1.025284 12.000000 -20.000000 -10.000000 8.682983 -20.892746 -6.853088 20.491364 -5.261536 -0.309464 -4.551178 1.854477 -0.142654 -6.457962 2.213623 5.606415 -0.320435 -0.058945 -0.149704 -0.447266 0.523331 25.121246 -89.999996 0.000000 0.000000 176.029388 2.624344 -4.996857 -2.114944 -0.010010 -0.147644 -4.456772 2.384720 -6.387161 -89.999996 0.000000 0.000000 
0.020890 102.002373 0.019829 86.587952 1.355499 -105.588852 -12.327637 -0.814621 -0.545868 4.574295 -1.492538 -1.272934 6.759598 -1.261475 -1.501923 5.784744 -1.025055 -1.672485 -4.280457 -1.069427 -1.644440 -22.512329 2.038696 4.136826 1.544876 1.973190 4.168427 20.045013 17.830597 11.803024 113.644409 79.312500 134.711792 -57.514900 68.763916 -40.038361 -36.627823 -36.337524 -20.269180 37.378159 -7.240479 179.480469 12.816437 37.498032 80.393951 50.853531 -13.172073 2.468063 12.527756 -1.070633 0.281601 0.000000 6.000000 8.000000 17.482880 7.620865 -0.816696 20.407379 2.805771 0.211197 2.011902 1.479660 1.408447 -5.000000 -1.000015 0.800003 34.728836 -5.972244 -2.755203 50.069855 -6.345505 -7.531006 23.415756 -4.563995 -5.211777 0.000000 -12.000000 -2.000000 33.094711 1.629166 3.622726 58.843887 -10.757996 -7.351379 20.176651 -4.786438 -2.285492 12.000000 -20.000000 -10.000000 33.309677 1.873215 7.494934 37.048172 -8.678833 -0.991516 6.761917 -2.074112 -0.489075 -37.327286 79.814575 158.990784 -27.864410 69.175995 -18.227631 -102.798729 -23.530304 6.634109 17.194794 -2.940079 -143.986649 30.104385 29.617477 77.702423 33.463211 -8.298752 2.627762 9.999985 0.000000 0.000000 0.000000 6.000000 8.000015 22.003128 15.970078 1.582886 41.577438 -7.159424 -9.991211 15.570511 -4.010757 -4.799744 -5.000000 -1.000015 0.800034 19.881073 2.923798 0.270935 22.855499 0.497208 0.616760 5.489288 -0.400681 0.465561 0.000000 -12.000000 -2.000000 29.414551 -12.025009 -4.646225 41.818436 -10.716415 -5.390335 8.840652 -3.209030 -1.031555 12.000000 -20.000000 -10.000000 8.682983 -20.892746 -6.853088 20.491364 -5.261536 -0.309464 -4.551178 1.854477 -0.142654 -6.468262 2.233200 5.548615 -0.314209 -0.058395 -0.149033 -0.422653 0.536499 25.159973 -89.999996 0.000000 0.000000 176.021210 2.604141 -4.961594 -2.112350 -0.009872 -0.147430 -4.442490 2.373886 -6.412247 -89.999996 0.000000 0.000000 
0.021063 102.002357 0.020251 86.597229 1.343185 -105.563942 -12.327560 -0.820175 -0.548218 4.574570 -1.503021 -1.278885 6.759872 -1.270828 -1.509521 5.785004 -1.033173 -1.681366 -4.280182 -1.077789 -1.653122 -22.492142 2.006866 4.159988 1.565018 1.940994 4.191086 20.121201 17.902786 11.870758 113.766510 79.191620 134.806335 -57.523369 68.702560 -39.976974 -36.378799 -36.165924 -20.332916 37.382294 -7.240570 179.539246 12.809433 37.501541 80.392242 51.157410 -13.304352 2.454285 12.526352 -1.070038 0.281464 0.000000 6.000000 8.000000 17.470825 7.590088 -0.825470 20.407379 2.805771 0.211197 2.011902 1.479660 1.408447 -5.000000 -1.000015 0.800003 34.852081 -6.010361 -2.774673 50.327087 -6.395874 -7.620621 23.581512 -4.596817 -5.269806 0.000000 -12.000000 -2.000000 33.066269 1.643250 3.625641 58.802216 -10.753860 -7.338959 20.150208 -4.781769 -2.280502 12.000000 -20.000000 -10.000000 33.368317 1.838608 7.490662 37.151367 -8.700531 -1.001572 6.837967 -2.091980 -0.487045 -36.719223 79.759155 159.589722 -27.532227 69.139771 -18.083862 -102.840042 -23.523972 6.614059 17.144547 -2.925934 -143.840698 30.378601 29.438766 77.729889 33.076218 -8.052353 2.577133 9.999985 0.000000 0.000000 0.000000 6.000000 8.000015 22.010895 15.964737 1.583527 41.585327 -7.161896 -9.995209 15.577805 -4.013489 -4.803528 -5.000000 -1.000015 0.800034 19.881012 2.923706 0.270889 22.855499 0.497208 0.616760 5.489288 -0.400681 0.465561 0.000000 -12.000000 -2.000000 29.425339 -12.029282 -4.649384 41.822891 -10.718094 -5.391968 8.847198 -3.211472 -1.033371 12.000000 -20.000000 -10.000000 8.682983 -20.892746 -6.853088 20.491364 -5.261536 -0.309464 -4.551178 1.854477 -0.142654 -6.478317 2.252975 5.490875 -0.306412 -0.057724 -0.148422 -0.399857 0.546844 25.186325 -89.999996 0.000000 0.000000 176.011749 2.583282 -4.924713 -2.109329 -0.009705 -0.147141 -4.424789 2.364380 -6.425766 -89.999996 0.000000 0.000000 
0.021245 102.002342 0.020655 86.606201 1.332047 -105.526100 -12.328308 -0.825180 -0.551712 4.573181 -1.512177 -1.286987 6.758484 -1.278519 -1.519012 5.783600 -1.039383 -1.691895 -4.281586 -1.084274 -1.663483 -22.469803 1.970093 4.180939 1.587326 1.903900 4.211456 20.215851 17.967651 11.934402 113.853699 79.070007 134.865234 -57.532440 68.646057 -39.915436 -36.090973 -35.977066 -20.429276 37.382919 -7.228363 179.566345 12.810440 37.501175 80.392639 51.555466 -13.477295 2.434906 12.530167 -1.071671 0.281860 0.000000 6.000000 8.000000 17.458801 7.559372 -0.834213 20.407379 2.805771 0.211197 2.011902 1.479660 1.408447 -5.000000 -1.000015 0.800003 34.860703 -6.008743 -2.773254 50.385483 -6.408005 -7.641296 23.617828 -4.604279 -5.282608 0.000000 -12.000000 -2.000000 32.984940 1.683609 3.633682 58.663345 -10.739609 -7.297821 20.055344 -4.764816 -2.262833 12.000000 -20.000000 -10.000000 33.461014 1.784225 7.483200 37.311172 -8.734146 -1.017700 6.954636 -2.119461 -0.484253 -36.081680 79.699585 160.213531 -27.169525 69.107452 -17.912201 -102.887375 -23.515259 6.597534 17.101822 -2.916168 -143.717224 30.676071 29.243668 77.756531 32.640930 -7.775131 2.519043 9.999985 0.000000 0.000000 0.000000 6.000000 8.000015 22.016815 15.966263 1.585236 41.559219 -7.153702 -9.982101 15.563400 -4.008072 -4.796097 -5.000000 -1.000015 0.800034 19.881973 2.925095 0.271332 22.855499 0.497208 0.616760 5.489288 -0.400681 0.465561 0.000000 -12.000000 -2.000000 29.389725 -12.019012 -4.641037 41.767105 -10.702133 -5.368774 8.810425 -3.198563 -1.022446 12.000000 -20.000000 -10.000000 8.682983 -20.892746 -6.853088 20.491364 -5.261536 -0.309464 -4.551178 1.854477 -0.142654 -6.487823 2.271332 5.434479 -0.298279 -0.057114 -0.147934 -0.380325 0.554214 25.199722 -89.999996 0.000000 0.000000 176.001007 2.563507 -4.886185 -2.106415 -0.009491 -0.146774 -4.404297 2.355225 -6.427948 -89.999996 0.000000 0.000000 
0.021419 102.002319 0.021053 86.614197 1.321762 -105.476700 -12.329498 -0.829575 -0.556458 4.570908 -1.519806 -1.297394 6.756195 -1.284332 -1.530533 5.781265 -1.043427 -1.704163 -4.283905 -1.088638 -1.675629 -22.446762 1.928543 4.200119 1.610306 1.862045 4.229980 20.326843 18.021896 11.993973 113.893829 78.951904 134.878387 -57.533394 68.597382 -39.843842 -35.757690 -35.771133 -20.571213 37.375946 -7.201416 179.558014 12.828491 37.492493 80.397400 52.048447 -13.690781 2.409576 12.534286 -1.073425 0.282272 0.000000 6.000000 8.000000 17.446808 7.528687 -0.842941 20.407379 2.805771 0.211197 2.011902 1.479660 1.408447 -5.000000 -1.000015 0.800003 34.724228 -5.956009 -2.745865 50.192459 -6.370331 -7.576096 23.490524 -4.578995 -5.238739 0.000000 -12.000000 -2.000000 32.849518 1.750900 3.646866 58.423325 -10.714584 -7.226898 19.888901 -4.734955 -2.231964 12.000000 -20.000000 -10.000000 33.604095 1.700699 7.470825 37.553131 -8.784943 -1.042770 7.130722 -2.161011 -0.480423 -35.423767 79.635315 160.855133 -26.778427 69.078522 -17.708313 -102.938820 -23.502335 6.584015 17.062271 -2.905960 -143.618271 30.985092 29.039932 77.781281 32.172363 -7.476700 2.455170 10.000000 0.000000 0.000000 0.000000 6.000000 8.000015 22.021286 15.975983 1.588348 41.491989 -7.132568 -9.948303 15.522385 -3.992599 -4.774902 -5.000000 -1.000015 0.800034 19.884384 2.928604 0.272430 22.855499 0.497208 0.616760 5.489288 -0.400681 0.465561 0.000000 -12.000000 -2.000000 29.287460 -11.987518 -4.616058 41.622696 -10.659958 -5.309280 8.709900 -3.162949 -0.992889 12.000000 -20.000000 -10.000000 8.682983 -20.892746 -6.853088 20.491364 -5.261536 -0.309464 -4.551178 1.854477 -0.142654 -6.496384 2.287277 5.380325 -0.291061 -0.056702 -0.147629 -0.365311 0.558441 25.200867 -89.999996 0.000000 0.000000 175.989227 2.545959 -4.846100 -2.104218 -0.009232 -0.146362 -4.381622 2.345566 -6.420013 -89.999996 0.000000 0.000000 
0.021580 102.002296 0.021445 86.620911 1.312012 -105.418297 -12.330597 -0.833130 -0.562378 4.568817 -1.525543 -1.309952 6.754074 -1.287918 -1.543869 5.779099 -1.044983 -1.717865 -4.286072 -1.090561 -1.689301 -22.424820 1.882156 4.217590 1.632217 1.815384 4.246719 20.449905 18.060486 12.047897 113.877899 78.842468 134.839050 -57.516525 68.559708 -39.755249 -35.369873 -35.541794 -20.773026 37.349701 -7.152481 179.503021 12.876846 37.468872 80.409821 52.619553 -13.937042 2.378891 12.531235 -1.072144 0.281921 0.000000 6.000000 8.000000 17.435562 7.499908 -0.851105 20.407379 2.805771 0.211197 2.011902 1.479660 1.408447 -5.000000 -1.000015 0.800003 34.406235 -5.838776 -2.686844 49.685135 -6.267731 -7.404739 23.158813 -4.511688 -5.124542 0.000000 -12.000000 -2.000000 32.661652 1.844360 3.664764 58.083145 -10.678497 -7.126602 19.651291 -4.692108 -2.188080 12.000000 -20.000000 -10.000000 33.816025 1.577408 7.451447 37.905777 -8.858658 -1.080063 7.387054 -2.221542 -0.475296 -34.755844 79.565247 161.507050 -26.361435 69.052582 -17.466919 -102.991508 -23.483688 6.573532 17.021622 -2.889221 -143.544495 31.300217 28.832138 77.804565 31.680267 -7.163574 2.385925 10.000000 0.000000 0.000000 0.000000 6.000000 8.000015 22.023666 15.994598 1.592896 41.381226 -7.097656 -9.892639 15.452881 -3.966385 -4.739014 -5.000000 -1.000015 0.800034 19.889389 2.935867 0.274704 22.855499 0.497208 0.616760 5.489288 -0.400681 0.465561 0.000000 -12.000000 -2.000000 29.086288 -11.924149 -4.566650 41.343796 -10.576904 -5.195328 8.512665 -3.092499 -0.935471 12.000000 -20.000000 -10.000000 8.682983 -20.892746 -6.853088 20.491364 -5.261536 -0.309464 -4.551178 1.854477 -0.142654 -6.503983 2.300140 5.329346 -0.285797 -0.056564 -0.147491 -0.354935 0.560715 25.191269 -89.999996 0.000000 0.000000 175.976746 2.531403 -4.805588 -2.103653 -0.008926 -0.145920 -4.357239 2.334213 -6.403351 -89.999996 0.000000 0.000000 
0.021716 102.002274 0.021826 86.626678 1.302841 -105.354477 -12.331192 -0.835678 -0.569138 4.567719 -1.529037 -1.323944 6.752914 -1.289047 -1.558258 5.777878 -1.043976 -1.732269 -4.287277 -1.089935 -1.703720 -22.404999 1.831543 4.232422 1.651978 1.764557 4.260727 20.578354 18.079193 12.092514 113.813324 78.744293 134.755096 -57.476761 68.534286 -39.648834 -34.927734 -35.284866 -21.038803 37.293365 -7.076538 179.391785 12.969025 37.423370 80.433014 53.225586 -14.197205 2.345215 12.513779 -1.064713 0.280090 0.000000 6.000000 8.000000 17.426285 7.476196 -0.857834 20.407379 2.805771 0.211197 2.011902 1.479660 1.408447 -5.000000 -1.000015 0.800003 33.882492 -5.647720 -2.593063 48.820694 -6.087845 -7.113770 22.595230 -4.395309 -4.931091 0.000000 -12.000000 -2.000000 32.427170 1.961151 3.686600 57.651230 -10.631760 -6.999557 19.348236 -4.637192 -2.132370 12.000000 -20.000000 -10.000000 34.106812 1.408722 7.423676 38.383774 -8.958054 -1.131424 7.734161 -2.303558 -0.468826 -34.093918 79.489502 162.155975 -25.926651 69.029556 -17.190338 -103.042114 -23.459030 6.566544 16.977844 -2.862473 -143.493515 31.620667 28.622070 77.827606 31.175018 -6.842712 2.312057 10.000000 0.000000 0.000000 0.000000 6.000000 8.000015 22.024323 16.021225 1.598755 41.231186 -7.050247 -9.817230 15.357712 -3.930435 -4.689880 -5.000000 -1.000015 0.800034 19.897858 2.948151 0.278549 22.855499 0.497208 0.616760 5.489288 -0.400681 0.465561 0.000000 -12.000000 -2.000000 28.767227 -11.822311 -4.488266 40.901993 -10.443146 -5.015961 8.198608 -2.979523 -0.844757 12.000000 -20.000000 -10.000000 8.682983 -20.892746 -6.853088 20.491364 -5.261536 -0.309464 -4.551178 1.854477 -0.142654 -6.510864 2.310379 5.282623 -0.282928 -0.056686 -0.147476 -0.347961 0.562912 25.173141 -89.999996 0.000000 0.000000 175.964111 2.519562 -4.766556 -2.105728 -0.008621 -0.145432 -4.331314 2.320679 -6.379822 -89.999996 0.000000 0.000000 
0.021825 102.002258 0.022203 86.632050 1.294388 -105.287849 -12.331116 -0.837021 -0.576431 4.567963 -1.530014 -1.338760 6.753098 -1.287582 -1.573029 5.778000 -1.040314 -1.746643 -4.287140 -1.086670 -1.718201 -22.387665 1.777039 4.243805 1.669281 1.709869 4.271271 20.707565 18.075943 12.125092 113.707916 78.658630 134.633911 -57.413383 68.521027 -39.527267 -34.433807 -34.996750 -21.369019 37.197357 -6.971970 179.219269 13.114685 37.350845 80.469055 53.824677 -14.453171 2.311005 12.477402 -1.049240 0.276276 0.000000 6.000000 8.000000 17.420135 7.460434 -0.862320 20.407379 2.805771 0.211197 2.011902 1.479660 1.408463 -5.000000 -1.000015 0.800003 33.142334 -5.378265 -2.463531 47.580231 -5.823044 -6.697052 21.787399 -4.225815 -4.654327 0.000000 -12.000000 -2.000000 32.151474 2.098618 3.711700 57.136002 -10.574844 -6.848267 18.985474 -4.571075 -2.065964 12.000000 -20.000000 -10.000000 34.478546 1.193558 7.386902 38.989792 -9.083221 -1.197327 8.174088 -2.407501 -0.461136 -33.446472 79.408508 162.794983 -25.479965 69.010025 -16.883881 -103.088791 -23.427948 6.563858 16.929977 -2.822891 -143.460098 31.947983 28.409637 77.851501 30.661240 -6.517319 2.233826 10.000000 0.000000 0.000000 0.000000 6.000000 8.000015 22.023941 16.054550 1.605804 41.047913 -6.992172 -9.725159 15.241180 -3.886368 -4.629730 -5.000000 -1.000015 0.800034 19.910233 2.966080 0.284164 22.855499 0.497208 0.616760 5.489288 -0.400681 0.465561 0.000000 -12.000000 -2.000000 28.323029 -11.679047 -4.379211 40.285324 -10.253662 -4.766663 7.759277 -2.820602 -0.718674 12.000000 -20.000000 -10.000000 8.682983 -20.892746 -6.853088 20.491364 -5.261536 -0.309464 -4.551178 1.854477 -0.142654 -6.517349 2.318680 5.240677 -0.282440 -0.056976 -0.147552 -0.343246 0.566132 25.148270 -89.999996 0.000000 0.000000 175.951630 2.509842 -4.730255 -2.110992 -0.008301 -0.144897 -4.303696 2.304733 -6.350754 -89.999996 0.000000 0.000000 
0.021917 102.002235 0.022577 86.637634 1.286835 -105.221886 -12.330200 -0.837051 -0.583862 4.569839 -1.528336 -1.353546 6.754898 -1.283478 -1.587326 5.779724 -1.034149 -1.760193 -4.285400 -1.080856 -1.731888 -22.372986 1.719696 4.251144 1.683929 1.652435 4.277695 20.830887 18.050278 12.143433 113.572998 78.586334 134.486115 -57.330482 68.518738 -39.399017 -33.901215 -34.678757 -21.753387 37.057800 -6.841309 178.985718 13.318680 37.248444 80.518585 54.362076 -14.681671 2.279633 12.418793 -1.024292 0.270172 0.000000 6.000000 8.000000 17.418091 7.455200 -0.863800 20.407379 2.805771 0.211197 2.011902 1.479660 1.408463 -5.000000 -1.000015 0.800003 32.197418 -5.033630 -2.300980 45.982681 -5.473373 -6.160904 20.747635 -4.004257 -4.298599 0.000000 -12.000000 -2.000000 31.845215 2.251495 3.738892 56.555893 -10.509308 -6.678131 18.576004 -4.496002 -1.991318 12.000000 -20.000000 -10.000000 34.924286 0.936035 7.341415 39.711212 -9.231079 -1.276611 8.697586 -2.531113 -0.452484 -32.824738 79.323303 163.413910 -25.031113 68.994019 -16.557892 -103.129601 -23.390060 6.566544 16.878021 -2.770279 -143.438812 32.283432 28.194580 77.876923 30.144440 -6.190918 2.151932 10.000000 0.000000 0.000000 0.000000 6.000000 8.000015 22.022552 16.092407 1.613586 40.843842 -6.927292 -9.622650 15.111465 -3.837234 -4.562790 -5.000000 -1.000015 0.800034 19.926636 2.989853 0.291626 22.855499 0.497208 0.616760 5.489304 -0.400681 0.465561 0.000000 -12.000000 -2.000000 27.761124 -11.496094 -4.241394 39.502472 -10.009628 -4.451202 7.201096 -2.617630 -0.559326 12.000000 -20.000000 -10.000000 8.682983 -20.892746 -6.853088 20.491364 -5.261536 -0.309464 -4.551178 1.854477 -0.142654 -6.523956 2.325974 5.203735 -0.283600 -0.057266 -0.147614 -0.339355 0.571716 25.119308 -89.999996 0.000000 0.000000 175.939880 2.501373 -4.698380 -2.119781 -0.007980 -0.144302 -4.274811 2.286728 -6.317978 -89.999996 0.000000 0.000000 
0.021987 102.002228 0.022948 86.643646 1.280472 -105.160133 -12.328644 -0.835938 -0.590927 4.572998 -1.524475 -1.367355 6.757996 -1.277405 -1.600311 5.782730 -1.026199 -1.772125 -4.282379 -1.073242 -1.744034 -22.360901 1.662659 4.254395 1.695969 1.595352 4.280045 20.941849 18.007446 12.148010 113.426270 78.527374 134.328979 -57.238373 68.524429 -39.276108 -33.364441 -34.348312 -22.161194 36.886581 -6.697052 178.710968 13.563629 37.124710 80.577118 54.799164 -14.866531 2.253662 12.343903 -0.992401 0.262375 0.000000 6.000000 8.000000 17.420074 7.460266 -0.862366 20.407379 2.805771 0.211182 2.011902 1.479660 1.408463 -5.000000 -1.000015 0.800003 31.132370 -4.644150 -2.119919 44.172775 -5.069336 -5.553467 19.570145 -3.750259 -3.896042 0.000000 -12.000000 -2.000000 31.530807 2.408569 3.766235 55.953964 -10.439987 -6.501694 18.150452 -4.417587 -1.913986 12.000000 -20.000000 -10.000000 35.406342 0.657944 7.291031 40.487427 -9.388962 -1.362534 9.260406 -2.663940 -0.443604 -32.251160 79.238434 163.989502 -24.600845 68.981659 -16.232971 -103.163719 -23.348434 6.574265 16.825851 -2.709106 -143.423767 32.616043 27.983673 77.902985 29.643646 -5.875366 2.069992 10.000000 0.000000 0.000000 0.000000 6.000000 8.000015 22.020279 16.131332 1.621384 40.637207 -6.861404 -9.518860 14.980408 -3.787521 -4.495178 -5.000000 -1.000015 0.800034 19.945694 3.017471 0.300293 22.855499 0.497208 0.616776 5.489304 -0.400681 0.465561 0.000000 -12.000000 -2.000000 27.130386 -11.289139 -4.086807 38.621078 -9.731659 -4.096817 6.572525 -2.388153 -0.380646 12.000000 -20.000000 -10.000000 8.682983 -20.892746 -6.853088 20.491364 -5.261536 -0.309464 -4.551178 1.854477 -0.142654 -6.530716 2.332794 5.172211 -0.285614 -0.057480 -0.147644 -0.335327 0.579605 25.089172 -89.999996 0.000000 0.000000 175.929352 2.493637 -4.672012 -2.131271 -0.007690 -0.143692 -4.245941 2.268326 -6.283981 -89.999996 0.000000 0.000000 
0.022035 102.002205 0.023283 86.650146 1.275406 -105.104736 -12.326599 -0.833893 -0.597336 4.577118 -1.518906 -1.379639 6.762024 -1.269867 -1.611526 5.786697 -1.017090 -1.782089 -4.278397 -1.064392 -1.754242 -22.351273 1.608093 4.253906 1.705566 1.540817 4.278702 21.036987 17.952362 12.140411 113.277985 78.481018 134.172424 -57.146027 68.535461 -39.168152 -32.848129 -34.019241 -22.568481 36.694504 -6.547607 178.412628 13.831665 36.988449 80.640198 55.122238 -15.002502 2.234100 12.258652 -0.956100 0.253494 0.000000 6.000000 8.000000 17.425827 7.474991 -0.858170 20.407379 2.805771 0.211182 2.011902 1.479660 1.408463 -5.000000 -1.000015 0.800003 30.018417 -4.235596 -1.932053 42.273453 -4.638123 -4.914948 18.334442 -3.480972 -3.473450 0.000000 -12.000000 -2.000000 31.224197 2.561813 3.792435 55.362076 -10.370605 -6.328201 17.731369 -4.340027 -1.837997 12.000000 -20.000000 -10.000000 35.894104 0.376846 7.239044 41.269852 -9.546844 -1.449615 9.827103 -2.797562 -0.434998 -31.738647 79.156891 164.507568 -24.202286 68.972824 -15.923798 -103.191162 -23.304550 6.586594 16.776657 -2.643768 -143.411850 32.939163 27.780518 77.928955 29.168976 -5.576828 1.990295 10.000000 0.000000 0.000000 0.000000 6.000000 8.000015 22.016724 16.169510 1.628738 40.439758 -6.798248 -9.419693 14.855759 -3.740173 -4.430878 -5.000000 -1.000015 0.800034 19.966125 3.047089 0.309586 22.855499 0.497208 0.616776 5.489304 -0.400681 0.465561 0.000000 -12.000000 -2.000000 26.469742 -11.070602 -3.924835 37.695465 -9.436584 -3.725189 5.912399 -2.146317 -0.193634 12.000000 -20.000000 -10.000000 8.682983 -20.892746 -6.853088 20.491364 -5.261536 -0.309464 -4.551178 1.854477 -0.142654 -6.537537 2.339539 5.146103 -0.287933 -0.057571 -0.147598 -0.330353 0.589523 25.059845 -89.999996 0.000000 0.000000 175.920258 2.486267 -4.651901 -2.144455 -0.007446 -0.143051 -4.218079 2.250870 -6.250107 -89.999996 0.000000 0.000000 
0.022072 102.002190 0.023581 86.656586 1.271683 -105.059235 -12.324448 -0.831451 -0.602615 4.581406 -1.512817 -1.389618 6.766251 -1.262222 -1.620361 5.790863 -1.008224 -1.789703 -4.274216 -1.055740 -1.762070 -22.343948 1.560577 4.251053 1.712860 1.493347 4.275101 21.111786 17.895676 12.125763 113.146698 78.446350 134.034882 -57.065132 68.547943 -39.083984 -32.398987 -33.722870 -22.931290 36.508057 -6.411102 178.130463 14.086456 36.858231 80.699371 55.330338 -15.089600 2.221298 12.175919 -0.920883 0.244888 0.000000 6.000000 8.000000 17.433594 7.494873 -0.852539 20.407379 2.805771 0.211182 2.011902 1.479660 1.408447 -5.000000 -1.000015 0.800003 28.993896 -3.858841 -1.760315 40.522873 -4.235123 -4.325348 17.195419 -3.230682 -3.083755 0.000000 -12.000000 -2.000000 30.955597 2.696121 3.815063 54.840286 -10.308548 -6.175201 17.361465 -4.271317 -1.771057 12.000000 -20.000000 -10.000000 36.331696 0.124878 7.191650 41.969788 -9.687042 -1.527832 10.333496 -2.916855 -0.427521 -31.314285 79.085480 164.939056 -23.862991 68.966949 -15.656631 -103.211906 -23.263641 6.600876 16.734924 -2.582916 -143.400513 33.227188 27.600464 77.952393 28.754578 -5.316483 1.919495 10.000000 0.000000 0.000000 0.000000 6.000000 8.000015 22.012405 16.202911 1.634888 40.271057 -6.744171 -9.334961 14.749832 -3.699875 -4.376236 -5.000000 -1.000015 0.800034 19.985336 3.074905 0.318329 22.855499 0.497208 0.616776 5.489304 -0.400681 0.465561 0.000000 -12.000000 -2.000000 25.860016 -10.867569 -3.775284 36.839401 -9.161255 -3.381836 5.301910 -1.922043 -0.021133 12.000000 -20.000000 -10.000000 8.682983 -20.892746 -6.853088 20.491364 -5.261536 -0.309464 -4.551178 1.854477 -0.142654 -6.543915 2.345993 5.125702 -0.289886 -0.057541 -0.147491 -0.324661 0.600021 25.034531 -89.999996 0.000000 0.000000 175.912994 2.479446 -4.638016 -2.157364 -0.007248 -0.142471 -4.193558 2.236084 -6.219803 -89.999996 0.000000 0.000000 
0.022092 102.002182 0.023803 86.662140 1.269165 -105.024925 -12.322540 -0.829132 -0.606628 4.585220 -1.507263 -1.397079 6.770020 -1.255508 -1.626801 5.794571 -1.000626 -1.795074 -4.270493 -1.048294 -1.767654 -22.338715 1.523026 4.247391 1.718063 1.455856 4.270828 21.165680 17.845612 12.109390 113.041260 78.422180 133.925079 -57.002678 68.559448 -39.026245 -32.046051 -33.482574 -23.220932 36.349609 -6.300095 177.893829 14.301041 36.748093 80.748627 55.446777 -15.138092 2.214020 12.105438 -0.890854 0.237564 0.000000 6.000000 8.000000 17.441299 7.514587 -0.846939 20.407379 2.805771 0.211182 2.011902 1.479660 1.408447 -5.000000 -1.000015 0.800003 28.150696 -3.548004 -1.619583 39.079453 -3.899063 -3.838272 16.256241 -3.022903 -2.762253 0.000000 -12.000000 -2.000000 30.741928 2.802979 3.832870 54.423111 -10.258331 -6.052826 17.065567 -4.216187 -1.717560 12.000000 -20.000000 -10.000000 36.685242 -0.078552 7.152878 42.533783 -9.799316 -1.591064 10.741226 -3.012833 -0.421661 -30.990692 79.028839 165.269409 -23.598740 68.963364 -15.446350 -103.226562 -23.229462 6.614670 16.702667 -2.533554 -143.391815 33.459686 27.455719 77.971313 28.424744 -5.109360 1.862488 10.000000 0.000000 0.000000 0.000000 6.000000 8.000015 22.008194 16.229019 1.639496 40.141464 -6.702530 -9.269882 14.668716 -3.669006 -4.334412 -5.000000 -1.000015 0.800034 20.001389 3.098160 0.325623 22.855499 0.497208 0.616776 5.489304 -0.400681 0.465561 0.000000 -12.000000 -2.000000 25.359421 -10.700058 -3.652512 36.135559 -8.933197 -3.099670 4.799957 -1.737213 0.120392 12.000000 -20.000000 -10.000000 8.682983 -20.892746 -6.853088 20.491364 -5.261536 -0.309464 -4.551178 1.854477 -0.142654 -6.549469 2.351456 5.110947 -0.290909 -0.057327 -0.147339 -0.319489 0.609421 25.014587 -89.999996 0.000000 0.000000 175.907684 2.473755 -4.629364 -2.168457 -0.007111 -0.141983 -4.174042 2.224747 -6.195282 -89.999996 0.000000 0.000000 
0.022101 102.002174 0.023920 86.665924 1.267715 -105.003487 -12.321213 -0.827469 -0.609146 4.587875 -1.503357 -1.401733 6.772629 -1.250900 -1.630737 5.797165 -0.995483 -1.798279 -4.267899 -1.043228 -1.770996 -22.335587 1.498779 4.244400 1.721191 1.431671 4.267456 21.198288 17.811035 12.096756 112.972351 78.407928 133.853577 -56.962502 68.567596 -38.991760 -31.818741 -33.325012 -23.410217 36.242188 -6.227798 177.735840 14.445923 36.673523 80.781616 55.500473 -15.160324 2.210602 12.057800 -0.870575 0.232605 0.000000 6.000000 8.000000 17.446930 7.529022 -0.842834 20.407394 2.805771 0.211182 2.011902 1.479660 1.408447 -5.000000 -1.000015 0.800003 27.590729 -3.341232 -1.526398 38.119843 -3.673981 -3.514175 15.631775 -2.884125 -2.548447 0.000000 -12.000000 -2.000000 30.603241 2.872345 3.844330 54.151352 -10.225388 -5.973099 16.872711 -4.180176 -1.682724 12.000000 -20.000000 -10.000000 36.916763 -0.211700 7.127258 42.902618 -9.872452 -1.632507 11.007736 -3.075546 -0.417908 -30.786896 78.992310 165.478149 -23.429855 68.961594 -15.311020 -103.235344 -23.206650 6.624557 16.682007 -2.500717 -143.385422 33.610611 27.362015 77.983612 28.212387 -4.976059 1.825500 10.000000 0.000000 0.000000 0.000000 6.000000 8.000015 22.005417 16.245804 1.642441 40.058411 -6.675797 -9.228165 14.616913 -3.649261 -4.307693 -5.000000 -1.000015 0.800034 20.012054 3.113617 0.330490 22.855499 0.497208 0.616776 5.489304 -0.400681 0.465561 0.000000 -12.000000 -2.000000 25.028366 -10.588882 -3.571289 35.669540 -8.781494 -2.912872 4.467606 -1.614670 0.213989 12.000000 -20.000000 -10.000000 8.682983 -20.892746 -6.853088 20.491364 -5.261536 -0.309464 -4.551178 1.854477 -0.142654 -6.553192 2.355118 5.102051 -0.291473 -0.057159 -0.147247 -0.315933 0.615799 25.001740 -89.999996 0.000000 0.000000 175.904480 2.469986 -4.624619 -2.176056 -0.007019 -0.141663 -4.161331 2.217590 -6.179352 -89.999996 0.000000 0.000000 
0.022106 102.002167 0.023982 86.667267 1.267258 -104.996346 -12.320755 -0.826889 -0.610001 4.588791 -1.501984 -1.403305 6.773544 -1.249283 -1.632065 5.798050 -0.993698 -1.799347 -4.266998 -1.041473 -1.772110 -22.334518 1.490570 4.243286 1.722244 1.423477 4.266220 21.208939 17.799026 12.092148 112.948639 78.403198 133.828949 -56.949097 68.570389 -38.980377 -31.741974 -33.271622 -23.474976 36.205185 -6.204056 177.682068 14.496719 36.647339 80.793152 55.513397 -15.165634 2.209793 12.041214 -0.863510 0.230881 0.000000 6.000000 8.000000 17.448959 7.534210 -0.841370 20.407394 2.805771 0.211182 2.011902 1.479660 1.408447 -5.000000 -1.000015 0.800003 27.397034 -3.269547 -1.494202 37.787659 -3.595642 -3.401978 15.415604 -2.835938 -2.474442 0.000000 -12.000000 -2.000000 30.555801 2.896088 3.848221 54.058090 -10.214035 -5.945740 16.806473 -4.167801 -1.670761 12.000000 -20.000000 -10.000000 36.995972 -0.257248 7.118454 43.028732 -9.897400 -1.646698 11.098831 -3.096970 -0.416626 -30.718262 78.979919 165.548553 -23.372757 68.961060 -15.265503 -103.238289 -23.198578 6.628082 16.674881 -2.489395 -143.382629 33.661423 27.330444 77.987671 28.141083 -4.931274 1.813065 10.000000 0.000000 0.000000 0.000000 6.000000 8.000015 22.004608 16.251556 1.643494 40.029785 -6.666580 -9.213791 14.599106 -3.642471 -4.298523 -5.000000 -1.000015 0.800034 20.015656 3.118835 0.332123 22.855499 0.497208 0.616776 5.489304 -0.400681 0.465561 0.000000 -12.000000 -2.000000 24.915634 -10.550888 -3.543594 35.510681 -8.729614 -2.849167 4.354340 -1.572876 0.245895 12.000000 -20.000000 -10.000000 8.682983 -20.892746 -6.853088 20.491364 -5.261536 -0.309464 -4.551178 1.854477 -0.142654 -6.554459 2.356415 5.099136 -0.291687 -0.057114 -0.147202 -0.314743 0.617905 24.997437 -89.999996 0.000000 0.000000 175.903442 2.468674 -4.623062 -2.178741 -0.006989 -0.141541 -4.156982 2.215256 -6.174026 -89.999996 0.000000 0.000000 
